;100015729730;RESERVE 11-TRANS;;;0
;100015729732;RESERVE 11-TRANS;;;0
;100015729735;RESERVE 11-TRANS;;;0
;100015729745;RESERVE 11-TRANS;;;0
;100015729796;RESERVE 11-TRANS;;;0
;100015729800;RESERVE 11-TRANS;;;0
CROTON FALLS;100015729829;CROTON FALLS-4BK-TRANS;;;3490
ADAMS CORNERS;100015730377;ADAMS CORNERS-1BK-TRANS;;;3998
AMAWALK;100015730459;AMAWALK-1BK-TRANS;;;4203
AMENIA;100015730727;AMENIA-2BK-TRANS;;;1652
AMENIA;100015730730;AMENIA-2BK-TRANS;;;1652
AMENIA;100015730733;AMENIA-2BK-TRANS;;;1652
BEDFORD HILLS;100015730952;BEDFORD HILLS-1BK-TRANS;;;1756
BEDFORD HILLS;100015730954;BEDFORD HILLS-1BK-TRANS;;;1756
BEDFORD HILLS;100015730985;BEDFORD HILLS-1BK-TRANS;;;1756
BEDFORD HILLS;100015730999;BEDFORD HILLS-2BK-TRANS;;;2295
CANTITOE;100015731112;CANTITOE-1BK-TRANS;;;1034
CANTITOE;100015731115;CANTITOE-2BK-TRANS;;;1379
KENT CLIFFS;100015731329;KENT CLIFFS-1BK-TRANS;;;1252
KENT CLIFFS;100015731331;KENT CLIFFS-1BK-TRANS;;;1252
KENT CLIFFS;100015731334;KENT CLIFFS-1BK-TRANS;;;1252
CRAFTS;100015731368;CRAFTS-1BK-TRANS;;;5257
CROSS RIVER;100015731481;CROSS RIVER-1BK-TRANS;;;2759
DINGLE RIDGE;100015731719;DINGLE RIDGE-1BK-TRANS;;;711
DINGLE RIDGE;100015731722;DINGLE RIDGE-1BK-TRANS;;;711
DINGLE RIDGE;100015731726;DINGLE RIDGE-1BK-TRANS;;;711
DOVER PLAINS;100015731831;DOVER PLAINS-1BK-TRANS;;;2051
DOVER PLAINS;100015731834;DOVER PLAINS-1BK-TRANS;;;2051
DOVER PLAINS;100015731837;DOVER PLAINS-1BK-TRANS;;;2051
GOLDEN BRIDGE;100015731901;GOLDEN BRIDGE-1BK-TRANS;;;2481
GOLDEN BRIDGE;100015731904;GOLDEN BRIDGE-2BK-TRANS;;;2234
KENT;100015732220;KENT-1BK-TRANS;;;2043
KENT;100015732264;KENT-2BK-TRANS;;;1016
MOHANSIC;100015732284;MOHANSIC-2BK-TRANS;;;1674
MOHANSIC;100015732298;MOHANSIC-4BK-TRANS;;;1281
WEST PATTERSON;100015732503;W. PATTERSON-1BK-TRANS;;;2430
WEST PATTERSON;100015732505;W. PATTERSON-1BK-TRANS;;;2430
WEST PATTERSON;100015732507;W. PATTERSON-1BK-TRANS;;;2430
PAWLING;100015732572;PAWLING-2BK-TRANS;;;661
PAWLING;100015732575;PAWLING-2BK-TRANS;;;661
PAWLING;100015732578;PAWLING-2BK-TRANS;;;661
PAWLING;100015732607;PAWLING-1BK-TRANS;;;2912
PEACH LAKE;100015732943;PEACH LAKE-2BK-TRANS;;;806
PEACH LAKE;100015732946;PEACH LAKE-2BK-TRANS;;;806
PEACH LAKE;100015732949;PEACH LAKE-2BK-TRANS;;;806
PEACH LAKE;100015732979;PEACH LAKE-1BK-TRANS;;;527
PEACH LAKE;100015732982;PEACH LAKE-1BK-TRANS;;;527
PEACH LAKE;100015732985;PEACH LAKE-1BK-TRANS;;;527
POUND RIDGE;100015733110;POUND RIDGE-2BK-TRANS;;;1568
POUND RIDGE;100015733175;POUND RIDGE-1BK-TRANS;;;2152
PUTNAM LAKE;100015733231;PUTNAM LAKE-1BK-TRANS;;;3746
SYLVAN LAKE;100015733352;SYLVAN LAKE-2BK-TRANS;;;4916
TEAKETTLE SPOUT;100015733398;TEAKETTLE SPOUT-1BK-TRANS;;;3008
TILLY FOSTER;100015733512;TILLY FOSTER-1BK-TRANS;;;6210
TILLY FOSTER;100015733515;TILLY FOSTER-2BK-TRANS;;;0
HAVILAND HOLLOW;100015733678;HAVILAND HOLLOW-1BK-TRANS;;;1590
HARLEM VALLEY;100015733729;HARLEM VALLEY-1BK-TRANS;;;0
HARLEM VALLEY;100015733732;HARLEM VALLEY-1BK-TRANS;;;0
HARLEM VALLEY;100015733735;HARLEM VALLEY-1BK-TRANS;;;0
WASSAIC;100015733747;WASSAIC-1BK-TRANS;;;0
WASSAIC;100015733750;WASSAIC-1BK-TRANS;;;0
WASSAIC;100015733753;WASSAIC-1BK-TRANS;;;0
UNION VALLEY;100015733762;UNION VALLEY-1BK-TRANS;;;5645
TEN MILE RIVER;100015733878;TEN MILE RIVER-1BK-TRANS;;;2458
;100015734090;WOOD STREET-1BK-TRANS;;;0
WOOD STREET;100015734102;WOOD STREET-2BK-TRANS;345;115;981
KATONAH;100015734485;KATONAH-2BK-TRANS;;;0
KATONAH;100015734526;KATONAH-3BK-TRANS;;;0
CARMEL;100015734916;CARMEL-4BK-TRANS;;;4662
;100015735232;RESERVE 12 -TRANS;;;0
;100015735235;RESERVE 12- Klinekill - TRANS;;;0
;100015735238;RESERVE 12- Klinekill - TRANS;;;0
;100015735241;RESERVE 12 -TRANS;;;0
;100015735244;RESERVE 12 -TRANS;;;0
;100015735292;RESERVE 12- Klinekill - TRANS;;;0
;100015735295;RESERVE 12- Klinekill - TRANS;;;0
;100015735298;RESERVE 12- Klinekill - TRANS;;;0
;100015735347;RESERVE 12- Klinekill - TRANS;;;0
;100015735350;RESERVE 12- Klinekill - TRANS;;;0
HALFMOON;100015735518;HALFMOON -2BK -TRANS;34.5;12.5;4159
GRANVILLE;100015735614;GRANVILLE -2BK -TRANS;;;1163
GRANVILLE;100015735617;GRANVILLE -2BK -TRANS;;;1163
GRANVILLE;100015735620;GRANVILLE -2BK -TRANS;;;1163
GRANVILLE;100015735623;GRANVILLE -2BK -TRANS;;;1163
SALEM NEW;100015735719;SA NEW -1BK -TRANS;;;2429
COMSTOCK - GRANVILLE;100015735794;COMSTOCK -1BK -TRANS;;;2729
COONS CROSSING;100015736143;COONS CROSSING -1BK -TRANS;;;209
COONS CROSSING;100015736146;COONS CROSSING -1BK -TRANS;;;209
COONS CROSSING;100015736148;COONS CROSSING -1BK -TRANS;;;209
STILLWATER;100015736205;STILLWATER -1BK -TRANS;;;983
STILLWATER;100015736208;STILLWATER -1BK -TRANS;;;983
STILLWATER;100015736210;STILLWATER -1BK -TRANS;;;983
RUTLAND;100015736269;RUTLAND -1BK -TRANS;;;1066
RUTLAND;100015736272;RUTLAND -1BK -TRANS;;;1066
RUTLAND;100015736275;RUTLAND -1BK -TRANS;;;1066
STEPHENTOWN;100015736347;STEPHENTOWN -1BK -TRANS;;;1033
STEPHENTOWN;100015736350;STEPHENTOWN -1BK -TRANS;;;1033
STEPHENTOWN;100015736353;STEPHENTOWN -1BK -TRANS;;;1033
STEPHENTOWN;100015736386;STEPHENTOWN -2BK -TRANS;115;34.5;1877
WYNANTSKILL;100015736503;WYNANTSKILL -2BK -TRANS;;;6208
WYNANTSKILL;100015736570;WYNANTSKILL -1BK -TRANS;;;2017
CANAAN;100015736690;CANAAN -1BK -TRANS;;;853
CANAAN;100015736693;CANAAN -1BK -TRANS;;;853
CANAAN;100015736696;CANAAN -1BK -TRANS;;;853
MELLONVILLE;100015736714;MELLONVILLE -1BK -TRANS;;;1570
MELLONVILLE;100015736717;MELLONVILLE -1BK -TRANS;;;1570
MELLONVILLE;100015736767;MELLONVILLE -1BK -TRANS;;;1570
CHATHAM;100015736805;CHATHAM -1BK -TRANS;;;1067
CHATHAM;100015736808;CHATHAM -1BK -TRANS;;;1067
CHATHAM;100015736810;CHATHAM -1BK -TRANS;;;1067
WEST SAND LAKE;100015736891;W SAND LAKE -1BK -TRANS;;;449
WEST SAND LAKE;100015736915;W SAND LAKE -1BK -TRANS;;;449
WEST SAND LAKE;100015736918;W SAND LAKE -1BK -TRANS;;;449
WEST LEBANON;100015736927;W LEBANON -1BK -TRANS;;;1604
WEST LEBANON;100015736930;W LEBANON -1BK -TRANS;;;1604
WEST LEBANON;100015736933;W LEBANON -1BK -TRANS;;;1604
WEST LEBANON;100015736936;W LEBANON -1BK -TRANS;;;1604
CROOKED LAKE;100015737065;CROOKED LAKE -1BK -TRANS;;;1379
CROOKED LAKE;100015737068;CROOKED LAKE -1BK -TRANS;;;1379
CROOKED LAKE;100015737071;CROOKED LAKE -1BK -TRANS;;;1379
CRARYVILLE;100015737112;CRARYVILLE -1BK -TRANS;;;1763
CRARYVILLE;100015737116;CRARYVILLE -3BK -TRANS;;;6080
SALEM OLD;100015737236;SA OLD -1BK -TRANS;;;932
SALEM OLD;100015737239;SA OLD -1BK -TRANS;;;932
SALEM OLD;100015737242;SA OLD -1BK -TRANS;;;932
KLINE KILL;100015737333;KLINE KILL -1BK -TRANS;115;34.5;4226
MULBERRY;100015737509;MULBERRY -1BK -TRANS;;;6759
MULBERRY;100015737515;MULBERRY -2BK -TRANS;;;4180
;100015737779;RESERVE 15 -TRANS;;;0
;100015737781;RESERVE 15 -TRANS;;;0
;100015737783;RESERVE 15 -TRANS;;;0
;100015737785;RESERVE 15 -TRANS;;;0
;100015737787;RESERVE 15 -TRANS;;;0
;100015737789;RESERVE 15 -TRANS;;;0
;100015737791;RESERVE 15 -TRANS;;;0
;100015737797;RESERVE 15 -TRANS;;;0
;100015737799;RESERVE 15 -TRANS;;;0
;100015737801;RESERVE 15 -TRANS;;;0
CHATEAUGAY;100015737805;CHATEAUGAY -1BK -TRANS;;;3022
;100015737817;RESERVE 81-TRANS;;;0
;100015737819;RESERVE 15 -TRANS;;;0
;100015737821;RESERVE 15 -TRANS;;;0
;100015737823;RESERVE 15 -TRANS;;;0
;100015737825;RESERVE 15 -TRANS;;;0
SCIOTA FLATROCK;100015738063;SCIOTA FLATROCK -1BK -TRANS;;;2968
SCIOTA FLATROCK;100015738065;SCIOTA FLATROCK -2BK -TRANS;;;3110
;100015738250;SCIOTA FLATROCK -GRNDBK -TRANS;;;0
HYDE;100015738442;HYDE -1BK -TRANS;;;920
HYDE;100015738444;HYDE -1BK -TRANS;;;920
HYDE;100015738466;HYDE -1BK -TRANS;;;920
LYON MTN;100015738487;LYON MTN -1BK -TRANS;;;1316
WEST CHAZY;100015738546;W CHAZY -1BK -TRANS;;;1097
WEST CHAZY;100015738548;W CHAZY -1BK -TRANS;;;1097
WEST CHAZY;100015738550;W CHAZY -1BK -TRANS;;;1097
BANKER ROAD;100015738586;BANKER ROAD -1BK -TRANS;;;2802
BANKER ROAD;100015738602;BANKER ROAD -1BK -TRANS;;;2802
BANKER ROAD;100015738604;BANKER ROAD -1BK -TRANS;;;2802
LIMESTONE;100015738651;LIMESTONE -1BK -TRANS;;;1178
LIMESTONE;100015738654;LIMESTONE -1BK -TRANS;;;1178
LIMESTONE;100015738656;LIMESTONE -1BK -TRANS;;;1178
BEEKMANTOWN;100015738681;BEEKMANTOWN -1BK -TRANS;;;951
BEEKMANTOWN;100015738683;BEEKMANTOWN -1BK -TRANS;;;951
BEEKMANTOWN;100015738685;BEEKMANTOWN -1BK -TRANS;;;951
BLUE MTN LAKE;100015738772;BLUE MTN LAKE -1BK -TRANS;;;1834
SOUTH JUNCTION;100015738784;SO JUNCTION -1BK -TRANS;;;2360
CABOT MINE;100015738818;CABOT MINE -2BK -TRANS;;;2144
MILL C;100015738870;MILL C -1BK -TRANS;;;978
MILL C;100015738872;MILL C -1BK -TRANS;;;978
MILL C;100015738874;MILL C -1BK -TRANS;;;978
HAMMOND LANE;100015739049;HAMMOND LANE -1BK -TRANS;;;1875
CLINTONVILLE;100015739137;CLINTONVILLE -1BK -TRANS;;;298
CLINTONVILLE;100015739139;CLINTONVILLE -1BK -TRANS;;;298
CLINTONVILLE;100015739141;CLINTONVILLE -1BK -TRANS;;;298
DANNEMORA;100015739178;DANNEMORA -2BK -TRANS;;;1354
DANNEMORA;100015739179;DANNEMORA -2BK -TRANS;;;1354
DANNEMORA;100015739181;DANNEMORA -2BK -TRANS;;;1354
HIGH FALLS;100015739244;HIGH FALLS -3BK -TRANS;;;1256
HIGH FALLS;100015739246;HIGH FALLS -3BK -TRANS;;;1256
HIGH FALLS;100015739248;HIGH FALLS -3BK -TRANS;;;1256
JAY;100015739388;JAY -1BK -TRANS;;;1575
JAY;100015739390;JAY -1BK -TRANS;;;1575
JAY;100015739392;JAY -1BK -TRANS;;;1575
JAY;100015739396;JAY -2BK -TRANS;;;381
JAY;100015739400;JAY -3BK -TRANS;46;34.5;377
STICKNEY BRIDGE;100015739483;STICKNEY BRIDGE -1BK -TRANS;;;527
STICKNEY BRIDGE;100015739485;STICKNEY BRIDGE -1BK -TRANS;;;527
STICKNEY BRIDGE;100015739487;STICKNEY BRIDGE -1BK -TRANS;;;527
HALLOCK HILL;100015739528;HALLOCK HILL -1BK -TRANS;;;5857
KEESESVILLE;100015739599;KEESESVILLE -1BK -TRANS;;;2507
KEESESVILLE;100015739601;KEESESVILLE -2BK -TRANS;;;510
KEESESVILLE;100015739603;KEESESVILLE -2BK -TRANS;;;510
KEESESVILLE;100015739605;KEESESVILLE -2BK -TRANS;;;510
NORTON;100015739641;NORTON -1BK -TRANS;;;1109
NORTON;100015739643;NORTON -1BK -TRANS;;;1109
NORTON;100015739645;NORTON -1BK -TRANS;;;1109
PERU;100015739662;PERU -1BK -TRANS;;;2371
STEAMBOAT LANDING;100015739725;STEAMBOAT L&ING -BANK 1 -TRANS;;;4
HARRIS LAKE;100015739735;HARRIS LAKE -1BK -TRANS;;;627
BARTON BROOK;100015739870;BARTON BROOK -1BK -TRANS;;;1551
BARTON BROOK;100015739872;BARTON BROOK -1BK -TRANS;;;1551
BARTON BROOK;100015739874;BARTON BROOK -1BK -TRANS;;;1551
BARTON BROOK;100015739876;BARTON BROOK -2BK -TRANS;;;4235
NORTHEND;100015740112;NORTHEND -1BK -TRANS;;;5121
ARIZONA AVE;100015740116;ARIZONA -1BK - TRANS;46;12.5;162
KENTS FALLS;100015740543;KENTS FALLS -2ABK -TRANS;115;46;0
KENTS FALLS;100015740545;KENTS FALLS -2ABK -TRANS;115;46;0
KENTS FALLS;100015740546;KENTS FALLS -2ABK -TRANS;115;46;0
KENTS FALLS;100015740764;KENTS FALLS -GRNDBK -TRANS;;;0
;100015740811;RESERVE 23 - TRANS;;;0
;100015740820;RESERVE 23 - TRANS;;;0
;100015740822;RESERVE 23 - TRANS;;;0
;100015740824;RESERVE 23 - TRANS;;;0
;100015740826;RESERVE 23 - TRANS;;;0
;100015740828;RESERVE 23 - TRANS;;;0
;100015740830;RESERVE 23 - TRANS;;;0
;100015740832;RESERVE 23 - TRANS;;;0
;100015740834;RESERVE 23 - TRANS;;;0
;100015740835;RESERVE 23 - TRANS;;;0
;100015740837;RESERVE 23 - TRANS;;;0
;100015740839;RESERVE 23 - TRANS;;;0
SAND STREET;100015740869;SAND ST #1BK -TRANS;;;1420
SAND STREET;100015740870;SAND ST #1BK -TRANS;;;1420
SAND STREET;100015740872;SAND ST #1BK -TRANS;;;1420
;100015740888;RESERVE 23 - TRANS;;;0
;100015740889;RESERVE 23 - TRANS;;;0
;100015740891;RESERVE 23 - TRANS;;;0
;100015740893;RESERVE 23 - TRANS;;;0
;100015740895;RESERVE 23 - TRANS;;;0
;100015740897;RESERVE 23 - TRANS;;;0
SAND STREET;100015740905;SAND ST -#2BK -TRANS;;;2195
PIERCE AVE;100015741026;PIERCE AVE -#1BK -TRANS;;;1040
PIERCE AVE;100015741028;PIERCE AVE -#1BK -TRANS;;;1040
PIERCE AVE;100015741029;PIERCE AVE -#1BK -TRANS;;;1040
PIERCE AVE;100015741031;PIERCE AVE -#1BK -TRANS;;;1040
PIERCE AVE;100015741033;PIERCE AVE-#2BK -TRANS;;;1482
PIERCE AVE;100015741034;PIERCE AVE-#2BK -TRANS;;;1482
PIERCE AVE;100015741065;PIERCE AVE-#2BK -TRANS;;;1482
OTEGO;100015741187;OTEGO -#1BK -TRANS;;;1615
OTEGO;100015741189;OTEGO -#1BK -TRANS;;;1615
OTEGO;100015741191;OTEGO -#1BK -TRANS;;;1615
OTEGO;100015741198;OTEGO -#2BK -TRANS;;;1127
OTEGO;100015741200;OTEGO -#2BK -TRANS;;;1127
OTEGO;100015741208;OTEGO -#2BK -TRANS;;;1127
COLLIERS;100015741246;COLLIERS -#1BK -TRANS;;;1132
COLLIERS;100015741248;COLLIERS -#1BK -TRANS;;;1132
COLLIERS;100015741250;COLLIERS -#1BK -TRANS;;;1132
COLLIERS;100015741276;COLLIERS -#1BK -TRANS;;;1132
COLLIERS;100015741278;COLLIERS-#2BK -TRANS;;;1544
COLLIERS;100015741287;COLLIERS -#3BK -TRANS;;;1132
COLLIERS;100015741289;COLLIERS -#3BK -TRANS;;;1132
COLLIERS;100015741291;COLLIERS -#3BK -TRANS;;;1132
COLLIERS;100015741459;COLLIERS -GRNDBK -TRANS;;;0
BAINBRIDGE;100015741485;BAINBRIDGE -#1BK -TRANS;;;1799
BAINBRIDGE;100015741487;BAINBRIDGE -#1BK -TRANS;;;1799
BAINBRIDGE;100015741515;BAINBRIDGE -#1BK -TRANS;;;1799
COOPERSTOWN;100015741525;COOPERSTOWN -#1BK -TRANS;;;1603
COOPERSTOWN;100015741527;COOPERSTOWN -#1BK -TRANS;;;1603
COOPERSTOWN;100015741529;COOPERSTOWN -#1BK -TRANS;;;1603
UNADILLA;100015741612;UNADILLA -#1BK -TRANS;;;2341
UNADILLA;100015741614;UNADILLA -#1BK -TRANS;;;2341
UNADILLA;100015741615;UNADILLA -#1BK -TRANS;;;2341
JORDANVILLE;100015741857;JORDANVILLE -#1BK -TRANS;;;240
JORDANVILLE;100015741859;JORDANVILLE -#1BK -TRANS;;;240
JORDANVILLE;100015741861;JORDANVILLE -#1BK -TRANS;;;240
GILBERTSVILLE;100015741875;GILBERTSVILLE-#1BK -TRANS;;;658
MILFORD;100015741883;MILFORD- #1BK -TRANS;;;2268
MILFORD;100015741885;MILFORD- #1BK -TRANS;;;2268
MILFORD;100015741887;MILFORD- #1BK -TRANS;;;2268
MOUNT UPTON;100015741947;MOUNT UPTON -#1BK -TRANS;;;681
MOUNT UPTON;100015741949;MOUNT UPTON -#1BK -TRANS;;;681
MOUNT UPTON;100015741951;MOUNT UPTON -#1BK -TRANS;;;681
EMMONS;100015741973;EMMONS -#1BK -TRANS;;;449
EMMONS;100015741975;EMMONS -#1BK -TRANS;;;449
EMMONS;100015741977;EMMONS -#1BK -TRANS;;;449
MORRIS;100015741988;MORRIS -#1BK -TRANS;;;663
MORRIS;100015742002;MORRIS -#1BK -TRANS;;;663
MORRIS;100015742004;MORRIS -#1BK -TRANS;;;663
MORRIS;100015742006;MORRIS-#2BK -TRANS;;;494
MORRIS;100015742007;MORRIS-#2BK -TRANS;;;494
MORRIS;100015742009;MORRIS-#2BK -TRANS;;;494
WEST STREET;100015742058;WEST ST- #1BK -TRANS;;;153
WEST STREET;100015742064;WEST ST- #1BK -TRANS;;;153
WEST STREET;100015742066;WEST ST- #1BK -TRANS;;;153
RICHFIELD SPRINGS;100015742082;RICHFIELD SPRINGS-#1BK -TRANS;;;2020
RICHFIELD SPRINGS;100015742084;RICHFIELD SPRINGS-#1BK -TRANS;;;2020
RICHFIELD SPRINGS;100015742086;RICHFIELD SPRINGS-#1BK -TRANS;;;2020
;100015742088;RESERVE 23 - TRANS;;;0
;100015742090;RESERVE 23 - TRANS;;;0
;100015742092;RESERVE 23 - TRANS;;;0
;100015742094;RESERVE 23 - TRANS;;;0
SPRINGFIELD CENTER;100015742263;SPRINGFIELD CENTER -#1BK;;;999
SOUTH COOPERSTOWN;100015742281;SOUTH COOPERSTOWN-#1BK;;;1411
WEST DAVENPORT;100015742388;WEST DAVENPORT -#1BK -TRANS;;;1544
WEST DAVENPORT;100015742390;WEST DAVENPORT -#1BK -TRANS;;;1544
WEST DAVENPORT;100015742392;WEST DAVENPORT -#1BK -TRANS;;;1544
SCINTILLA;100015742433;SCINTILLA -#1BK -;;;0
SCINTILLA;100015742435;SCINTILLA -#1BK -;;;0
SCINTILLA;100015742437;SCINTILLA -#1BK -;;;0
SCINTILLA;100015742443;SCINTILLA-#2BK -;;;0
SCINTILLA;100015742445;SCINTILLA-#2BK -;;;0
SCINTILLA;100015742447;SCINTILLA-#2BK -;;;0
BROTHERTOWN ROAD;100015742467;BROTHERTOWN RD-#2BK -TRANS;;;615
;100015742809;JENNISON-GRND-BK      -TRANS;;;0
STILESVILLE;100015742851;STILESVILLE-#1BK -TRANS;;;2959
STILESVILLE;100015742853;STILESVILLE-#2BK -TRANS;;;3737
GUILDFORD CENTER;100015742992;GUILDFORD CENTER-#1BK -TRANS;;;854
COLUMBUS;100015743079;COLUMBUS - 1BK -TRANS;;;371
COLUMBUS;100015743081;COLUMBUS - 2BK -TRANS;;;10
;100015743266;FRASER (SVC)-1BK -TRANS-Y;;;0
;100015743268;FRASER (SVC)-1BK -TRANS-Z;;;0
;100015743270;FRASER (SVC)-1BK -TRANS-W;;;0
;100015743338;FRASER (SVC)-GRND BK-TRANS-W;;;0
;100015743340;FRASER (SVC)-GRND BK-TRANS-X;;;0
;100015743342;FRASER (SVC)-GRND BK-TRANS-Y;;;0
;100015743344;FRASER (SVC)-GRND BK-TRANS-Z;;;0
BIRDSALL STREET;100015743455;BIRDSALL ST-#1BK -TRANS;;;1136
BIRDSALL STREET;100015743457;BIRDSALL ST-#1BK -TRANS;;;1136
BIRDSALL STREET;100015743459;BIRDSALL ST-#1BK -TRANS;;;1136
BIRDSALL STREET;100015743461;BIRDSALL ST-#2BK -TRANS;;;1414
BIRDSALL STREET;100015743463;BIRDSALL ST-#2BK -TRANS;;;1414
BIRDSALL STREET;100015743465;BIRDSALL ST-#2BK -TRANS;;;1414
ORISKANY FALLS;100015743594;ORISKANY FALLS-#1BK -TRANS;;;1670
ORISKANY FALLS;100015743596;ORISKANY FALLS-#1BK -TRANS;;;1670
ORISKANY FALLS;100015743598;ORISKANY FALLS-#1BK -TRANS;;;1670
ORISKANY FALLS;100015743618;ORISKANY FALLS-#2BK -TRANS;;;1
ORISKANY FALLS;100015743620;ORISKANY FALLS-#2BK -TRANS;;;1
ORISKANY FALLS;100015743622;ORISKANY FALLS-#2BK -TRANS;;;1
OXFORD;100015743691;OXFORD-#1BK -TRANS;;;1892
OXFORD;100015743693;OXFORD-#1BK -TRANS;;;1892
OXFORD;100015743695;OXFORD-#1BK -TRANS;;;1892
BOUCKVILLE;100015743760;BOUCKVILLE-#1BK -TRANS;;;1014
EARLVILLE;100015743772;EARLVILLE-#1BK -TRANS;;;2594
EARLVILLE;100015743796;EARLVILLE-#1BK -TRANS;;;2594
BRIDGEWATER;100015743800;BRIDGEWATER-#1BK -TRANS;;;557
BRIDGEWATER;100015743802;BRIDGEWATER-#1BK -TRANS;;;557
BRIDGEWATER;100015743804;BRIDGEWATER-#1BK -TRANS;;;557
EARLVILLE;100015743866;EARLVILLE-#1BK -TRANS;;;2594
EATON;100015743890;EATON-#1BK -TRANS;;;692
EATON;100015743892;EATON-#1BK -TRANS;;;692
EATON;100015743894;EATON-#1BK -TRANS;;;692
EDMESTON;100015743904;EDMESTON-#1BK -TRANS;;;788
EDMESTON;100015743906;EDMESTON-#1BK -TRANS;;;788
EDMESTON;100015743908;EDMESTON-#1BK -TRANS;;;788
MORRISVILLE;100015743947;MORRISVILLE-#1BK -TRANS;;;53
MORRISVILLE;100015743949;MORRISVILLE-#1BK -TRANS;;;53
MORRISVILLE;100015743951;MORRISVILLE-#1BK -TRANS;;;53
MORRISVILLE;100015743953;MORRISVILLE-#2BK -TRANS;;;1419
MORRISVILLE;100015744032;NORTH NORWICH-1BK -TRANS;;;434
WOODS CORNERS;100015744066;WOODS CORNERS-#1BK;;;757
WOODS CORNERS;100015744068;WOODS CORNERS-#1BK;;;757
WOODS CORNERS;100015744070;WOODS CORNERS-#1BK;;;757
SOUTH NEW BERLIN;100015744126;SOUTH NEW BERLIN-#1BK;;;567
EAST NORWICH;100015744171;EAST NORWICH-#2BK;;;4664
EAST NORWICH;100015744415;EAST NORWICH-GRNDBK;;;0
BELLEAYRE;100015744566;BELLEAYRE-#1BK -;;;1500
ARKVILLE;100015744628;ARKVILLE-#1BK -TRANS;;;2854
ANDES;100015744674;ANDES-#1BK -TRANS;;;1666
NORWICH PHARM;100015744707;NORWICH PHARM-#1BK -TRANS;;;0
WEST WINFIELD;100015744719;WEST WINFIELD-#2BK;;;2690
WEST WINFIELD;100015744721;WEST WINFIELD-#2BK;;;2690
WEST WINFIELD;100015744723;WEST WINFIELD-#2BK;;;2690
AXTELL RD;100015744795;AXTELL RD -#1BK -TRANS;;;867
AXTELL RD;100015744797;AXTELL RD -#1BK -TRANS;;;867
AXTELL RD;100015744799;AXTELL RD -#1BK -TRANS;;;867
AXTELL RD;100015744819;AXTELL RD -#2BK -TRANS;;;3171
DELHI;100015745074;DELHI-#1BK -TRANS;;;745
DELHI;100015745076;DELHI-#1BK -TRANS;;;745
DELHI;100015745078;DELHI-#1BK -TRANS;;;745
DELHI;100015745094;DELHI- #4BK -TRANS;;;904
DELHI;100015745096;DELHI- #4BK -TRANS;;;904
DELHI;100015745098;DELHI- #4BK -TRANS;;;904
DELHI;100015745100;DELHI- #4BK -TRANS;;;904
DELHI;100015745102;DELHI -#5BK -TRANS;;;1258
DELHI;100015745104;DELHI -#5BK -TRANS;;;1258
DELHI;100015745106;DELHI -#5BK -TRANS;;;1258
DEPOSIT;100015745354;DEPOSIT- #1BK -TRANS;;;1076
DELHI;100015745356;DELHI -GRND-BK -TRANS;;;0
DELHI;100015745358;DELHI -GRND-BK -TRANS;;;0
DELHI;100015745362;DELHI -GRND-BK -TRANS;;;0
DEPOSIT;100015745383;DEPOSIT-#2BK -TRANS;;;1883
DEPOSIT;100015745393;DEPOSIT- #1BK -TRANS;;;1076
DEPOSIT;100015745395;DEPOSIT- #1BK -TRANS;;;1076
DEPOSIT;100015745399;DEPOSIT-#2BK -TRANS;;;1883
DEPOSIT;100015745401;DEPOSIT-#2BK -TRANS;;;1883
DEPOSIT;100015745403;DEPOSIT-#2BK -TRANS;;;1883
DOWNSVILLE;100015745465;DOWNSVILLE-#1BK -TRANS;;;1183
DOWNSVILLE;100015745467;DOWNSVILLE-#1BK -TRANS;;;1183
DOWNSVILLE;100015745469;DOWNSVILLE-#1BK -TRANS;;;1183
GRAND GORGE;100015745527;GRAND GORGE-#1BK-TRANS;;;3261
HANCOCK;100015745588;HANCOCK-#1BK -TRANS;;;745
HANCOCK;100015745590;HANCOCK-#1BK -TRANS;;;745
HANCOCK;100015745592;HANCOCK-#1BK -TRANS;;;745
HANCOCK;100015745594;HANCOCK-#1BK -TRANS;;;745
SHANDAKEN;100015745745;SHANDAKEN -#1BK -TRANS;;;584
SHANDAKEN;100015745747;SHANDAKEN -#1BK -TRANS;;;584
SHANDAKEN;100015745749;SHANDAKEN -#1BK -TRANS;;;584
SHANDAKEN;100015745751;SHANDAKEN -#2BK -TRANS;;;1807
SHANDAKEN;100015745753;SHANDAKEN-#3BK -TRANS;;;584
;100015745823;FRASER-#2BK                 -TRANS;;;0
RIVER ROAD;100015746562;RIVER ROAD- #1BK -TRANS;;;3195
WINDHAM;100015746564;WINDHAM-#1BK -TRANS;;;2118
WINDHAM;100015746566;WINDHAM-#2BK -TRANS;;;1701
RIVER ROAD;100015746579;RIVER ROAD- #1BK -TRANS;;;3195
RIVER ROAD;100015746581;RIVER ROAD- #1BK -TRANS;;;3195
FINCH HOLLOW;100015746687;FINCH HOLLOW-#1BK -TRANS;;;444
FINCH HOLLOW;100015746689;FINCH HOLLOW-#1BK -TRANS;;;444
FINCH HOLLOW;100015746691;FINCH HOLLOW-#1BK -TRANS;;;444
SANDS CREEK;100015746711;SANDS CREEK-#1BK -TRANS;;;98
SANDS CREEK;100015746713;SANDS CREEK-#1BK -TRANS;;;98
SANDS CREEK;100015746715;SANDS CREEK-#1BK -TRANS;;;98
BARRETT;100015746771;BARRETT-#1BK -TRANS;;;0
;100015746840;RESERVE 24 -TRANS;;;0
;100015746842;RESERVE 24 -TRANS;;;0
;100015746858;RESERVE 24 -TRANS;;;0
;100015746860;RESERVE 24 -TRANS;;;0
;100015746862;RESERVE 24 -TRANS;;;0
;100015746864;RESERVE 24 -TRANS;;;0
;100015746866;RESERVE 24 -TRANS;;;0
;100015746868;RESERVE 24 -TRANS;;;0
SHIELDS ROAD;100015746870;SHIELDSROAD-TRANS -TRANS;;;296
SHIELDS ROAD;100015746872;SHIELSROAD-TRANS. -TRANS;;;296
SHIELDS ROAD;100015746874;SHIELSROAD-TRANS. -TRANS;;;296
;100015746876;RESERVE 24 -TRANS;;;0
BEAVER BROOK;100015746892;BEAVER BROOK-#1BK -TRANS;;;194
BEAVER BROOK;100015746894;BEAVER BROOK-#1BK -TRANS;;;194
BEAVER BROOK;100015746896;BEAVER BROOK-#1BK -TRANS;;;194
CONCORD;100015746908;CONCORD-#1BK L -TRANS;;;771
CONCORD;100015746910;CONCORD -1BK M - TRANS;;;771
CONCORD;100015746912;CONCORD -1BK R - TRANS;;;771
FOSTERDALE;100015746975;FOSTERDALE-#1BK R -TRANS;;;902
FOSTERDALE;100015746977;FOSTERDALE-#1BK L -TRANS;;;902
FOSTERDALE;100015746979;FOSTERDALE-#1BK M -TRANS;;;902
GROSSINGER;100015747022;GROSSINGER -#1BK -TRANS;;;2415
HAZEL;100015747055;HAZEL-#1BK -TRANS;;;4046
HAZEL;100015747056;HAZEL-#2BK -TRANS;;;557
HAZEL;100015747057;HAZEL-#2BK -TRANS;;;557
HAZEL;100015747058;HAZEL-#2BK -TRANS;;;557
;100015747101;HAZEL-GRND-BK -TRANS- X;;;0
;100015747102;HAZEL-GRND-BK -TRANS- Y;;;0
;100015747103;HAZEL-GRND-BK -TRANS- Z;;;0
;100015747104;HAZEL-GRND-BK -TRANS- W;;;0
JEFFERSONVILLE;100015747110;JEFFERSONVILLE -#1 BK LEFT;;;3276
JEFFERSONVILLE;100015747111;JEFFERSONVILLE -#1 BK RIGHT;;;3276
JEFFERSONVILLE;100015747113;JEFFERSONVILLE -#1 BK MIDDLE;;;3276
KIAMESHA;100015747147;KIAMESHA- #1BK -TRANS;;;1306
LIBERTY;100015747218;LIBERTY-#1BK -TRANS;;;2207
LIBERTY;100015747219;LIBERTY-#1BK -TRANS;;;2207
LIBERTY;100015747220;LIBERTY-#1BK -TRANS;;;2207
LUXTON LAKE;100015747299;LUXTONLAKE-#1BK- R -TRANS;;;968
LUXTON LAKE;100015747300;LUXTONLAKE-#1BK- M-TRANS;;;968
LUXTON LAKE;100015747301;LUXTONLAKE-#1BK- L -TRANS;;;968
MAPELWOOD;100015747323;MAPLEWOOD-#1BK M -TRANS;;;509
MAPELWOOD;100015747324;MAPLEWOOD-#1BK L -TRANS;;;509
MAPELWOOD;100015747325;MAPLEWOOD-#1BK R-TRANS;;;509
MAPELWOOD;100015747326;MAPLEWOOD-#2BK M -TRANS;;;1920
MAPELWOOD;100015747327;MAPLEWOOD-#2BK L -TRANS;;;1920
MAPELWOOD;100015747328;MAPLEWOOD-#2BK R -TRANS;;;1920
MONTICELLO;100015747361;MONTICELLO#2BK R -TRANS;;;2434
MONTICELLO;100015747362;MONTICELLO-#2BK M -TRANS;;;2434
MONTICELLO;100015747363;MONTICELLO-2BK L -TRANS;;;2434
OLD FALLS;100015747427;OLD FALLS-#1BK -TRANS;;;3423
ROCK HILL;100015747466;ROCK HILL- #1BK -TRANS;;;727
ROCK HILL;100015747467;ROCK HILL- #1BK -TRANS;;;727
ROCK HILL;100015747468;ROCK HILL- #1BK -TRANS;;;727
ROCK HILL;100015747469;ROCK HILL- #1BK -TRANS;;;727
ROCK HILL;100015747500;ROCK HILL- #2BK -TRANS;;;1371
ROSCOE;100015747533;ROSCOE-#1BK -TRANS;;;1317
SACKETT LAKE;100015747540;SACKETTLAKE-1BK L -TRANS;;;317
SACKETT LAKE;100015747541;SACKETTLAKE-#1BK R -TRANS;;;317
SACKETT LAKE;100015747542;SACKETTLAKE-#1BK M -TRANS;;;317
SWAN LAKE;100015747569;SWANLAKE-#1BK M -TRANS;;;1102
SWAN LAKE;100015747570;SWANLAKE-#1BK L -TRANS;;;1102
SWAN LAKE;100015747571;SWANLAKE-#1BK R -TRANS;;;1102
WHITE LAKE;100015747594;WHITELAKE-#1BKR-TRANS;;;1577
WHITE LAKE;100015747595;WHITE LAKE- #2BK-TRANS;;;1800
WHITE LAKE;100015747618;WHITELAKE -#1BKL-TRANS;;;1577
WHITE LAKE;100015747619;WHITELAKE -#1BKM-TRANS;;;1577
YULAN;100015747634;YULAN-#1BK M -TRANS;;;1872
YULAN;100015747636;YULAN-#1BK R -TRANS;;;1872
YULAN;100015747637;YULAN-#1BK L -TRANS;;;1872
WALDEN;100015747661;WALDEN-#1BK -TRANS;;;3100
WALDEN;100015747663;WALDEN-#2BK -TRANS;;;4764
WALDEN;100015747677;WALDEN-GRND-BK -TRANS;;;0
WALDEN;100015747678;WALDEN-GRND-BK -TRANS;;;0
WALDEN;100015747679;WALDEN-GRND-BK -TRANS;;;0
MOUNTAINDALE;100015747718;MOUNTAINDALE-#1BK -TRANS LTC;;;2501
CALLICOON;100015747759;CALLICOON- 1BK M - TRANS;;;1601
CALLICOON;100015747760;CALLICOON-#1BK R -TRANS;;;1601
CALLICOON;100015747761;CALLICOON- 1BK L - TRANS;;;1601
HILLDALE;100015747795;HILLDALE-#1 BK L;;;1851
HILLDALE;100015747796;HILLDALE-#1 BK R;;;1851
HILLDALE;100015747797;HILLDALE-#1 BK M;;;1851
SHORTCUT ROAD;100015747817;SHORTCUTROAD-#1BK -TRANS;;;7340
WILLOWEMOC;100015747825;WILLOWEMOC-#1 BK-TRANS;;;396
WILLOWEMOC;100015747826;WILLOWEMOC-#1 BK-TRANS;;;396
WILLOWEMOC;100015747827;WILLOWEMOC-#1 BK-TRANS;;;396
WHITE SULPHER SPRING;100015747829;WHITE SULPHER SPRING-#1 BK-TRANS;;;518
COOPERS CORNERS;100015747896;COOPERS CORNERS-#1BK-TRANS;115;34.5;232
COOPERS CORNERS;100015747897;COOPERS CORNERS-#2BK  -TRANS;;;0
COOPERS CORNERS;100015747899;COOPERS CORNERS-#3BK-TRANS;;;0
COOPERS CORNERS;100015748311;COOPERS CORNERS-GRNDBK -TRANS;;;0
FERNDALE;100015748351;FERNDALE-#1BK     -TRANS;115;34.5;86
FERNDALE;100015748424;FERNDALE-GRNDBK -TRANS;;;0
;100015748563;RESERVE 31 -TRANS;;;0
;100015748564;RESERVE 31 -TRANS;;;0
;100015748565;RESERVE 31 -TRANS;;;0
LEGION DRIVE;100015748572;LEGION DRIVE -1BK -TRANS;;;2023
;100015748582;RESERVE 31 -TRANS;;;0
LEGION DRIVE;100015748619;LEGION DRIVE -GRND -BK -TRANS;;;0
LEGION DRIVE;100015748620;LEGION DRIVE -GRND -BK -TRANS;;;0
LEGION DRIVE;100015748621;LEGION DRIVE -GRND -BK -TRANS;;;0
DAYTON;100015748625;DAYTON -1BK -TRANS;;;426
ELLINGTON;100015748632;ELLINGTON -1BK -TRANS;;;902
NEW ALBION;100015748653;NEW ALBION -1BK -TRANS;;;362
NEW ALBION;100015748654;NEW ALBION -1BK -TRANS;;;362
NEW ALBION;100015748655;NEW ALBION -1BK -TRANS;;;362
RANDOLPH;100015748691;RANDOLPH -1BK -TRANS;;;1208
SILVER CREEK;100015748699;SILVER CREEK -1BK -TRANS;;;3768
FROG VALLEY;100015748727;FROG VALLEY -1BK -TRANS;;;955
FROG VALLEY;100015748728;FROG VALLEY -1BK -TRANS;;;955
FROG VALLEY;100015748729;FROG VALLEY -1BK -TRANS;;;955
ERIE ST;100015748750;ERIE ST -1BK -TRANS;115;34.5;3495
ERIE ST;100015748751;ERIE ST -2BK -TRANS;115;34.5;3495
ERIE STREET;100015748752;ERIE ST -3BK -TRANS;;;2008
ERIE STREET;100015748753;ERIE ST -4BK -TRANS;;;4446
INDIAN CH RD;100015748975;INDIAN CH RD -1BK -TRANS;;;2319
SLOAN;100015749006;SLOAN -1BK -TRANS;;;4375
ELLICOTT ROAD;100015749028;ELLICOTT RD -1BK -TRANS;;;1020
ALDEN;100015749054;ALDEN -1BK -TRANS;;;3093
REIN RD;100015749081;REIN RD -1BK -TRANS;;;1125
REIN RD;100015749082;REIN RD -1BK -TRANS;;;1125
REIN RD;100015749083;REIN RD -1BK -TRANS;;;1125
REIN RD;100015749084;REIN RD -2BK -TRANS;;;52
REIN RD;100015749085;REIN RD -2BK -TRANS;;;52
REIN RD;100015749086;REIN RD -2BK -TRANS;;;52
JAVA;100015749113;JAVA -1BK -TRANS;;;1677
JAVA;100015749114;JAVA -1BK -TRANS;;;1677
JAVA;100015749115;JAVA -1BK -TRANS;;;1677
ORCHARD PARK;100015749143;ORCHARD PARK -1BK -TRANS;;;2474
ORCHARD PARK;100015749144;ORCHARD PARK -1BK -TRANS;;;2474
ORCHARD PARK;100015749145;ORCHARD PARK -1BK -TRANS;;;2474
HAMBURG;100015749176;HAMBURG -1BK -TRANS;34.5;4.8;2829
HAMBURG;100015749177;HAMBURG -2BK -TRANS;34.5;4.8;1137
WALDEN AVENUE;100015749247;WALDEN AVE -1BK -TRANS;;;2920
WALDEN AVENUE;100015749248;WALDEN AVE -2BK -TRANS;;;1928
BLOSSOM;100015749337;BLOSSOM -2BK -TRANS;;;3749
HOLLAND;100015749370;HOLLAND -1BK -TRANS;;;2216
BLOSSOM;100015749375;BLOSSOM -1BK -TRANS;;;986
WALES CENTER;100015749399;WALES CENTER -1BK -TRANS;;;1852
WALES CENTER;100015749400;WALES CENTER -1BK -TRANS;;;1852
WALES CENTER;100015749401;WALES CENTER -1BK -TRANS;;;1852
WEHRLE DRIVE;100015749424;WEHRLE DR -1BK -TRANS;;;2291
WEHRLE DRIVE;100015749425;WEHRLE DR -2BK -TRANS;;;1373
EAST AURORA;100015749477;EAST AURORA -1BK -TRANS;;;2528
EAST AURORA;100015749478;EAST AURORA -2BK -TRANS;;;2596
EBENEZER;100015749560;EBENEZER -1BK -TRANS;;;1996
EBENEZER;100015749561;EBENEZER -1BK -TRANS;;;1996
EBENEZER;100015749562;EBENEZER -1BK -TRANS;;;1996
ARMOR;100015749590;ARMOR -1BK -TRANS;;;7079
DAVIS;100015749621;DAVIS -3BK -TRANS;;;2213
DAVIS;100015749624;DAVIS -5BK -TRANS;;;4901
DICK RD;100015749688;DICK RD -1BK -TRANS;;;3016
DICK RD;100015749689;DICK RD -2BK -TRANS;;;2049
LANGNER ROAD;100015749772;LANGNER RD -3BK -TRANS;;;8798
WENDE ROAD;100015749837;WENDE RD -1BK -TRANS;;;405
WENDE ROAD;100015749838;WENDE RD -1BK -TRANS;;;405
WENDE ROAD;100015749839;WENDE RD -1BK -TRANS;;;405
WENDE ROAD;100015749840;WENDE RD -2BK -TRANS;;;1419
COWLESVILLE;100015749891;COWLESVILLE -1BK -TRANS;;;1114
SOUTH COLDEN;100015749901;SO COLDEN -1BK -TRANS;;;697
SOUTH COLDEN;100015749902;SO COLDEN -1BK -TRANS;;;697
SOUTH COLDEN;100015749903;SO COLDEN -1BK -TRANS;;;697
LAKE AVE;100015749915;LAKE AVE -2BK -TRANS;;;1534
LAKE AVE;100015749924;LAKE AVE -1BK -TRANS;;;4894
CEMETERY ROAD;100015749960;CEMETERY RD -1BK -TRANS;;;1009
CEMETERY ROAD;100015749977;CEMETERY RD -2BK -TRANS;;;4992
TYLER STREET;100015749993;TYLER ST -1BK -TRANS;;;1863
TYLER STREET;100015750006;TYLER ST -2BK -TRANS;;;2562
SOUTH PARK;100015750025;SOUTH PARK -1BK -TRANS;;;3647
SOUTH PARK;100015750044;SOUTH PARK -1BK -TRANS;;;3647
LOSSON RD;100015750051;LOSSON RD -1BK -TRANS;;;5209
LOSSON RD;100015750052;LOSSON RD -2BK -TRANS;;;6095
STOLLE RD;100015750105;STOLLE RD -1BK -TRANS;115;34.5;1102
STOLLE RD;100015750108;STOLLE RD -2BK -TRANS;115;34.5;1433
;100015750110;STOLLE RD -3BK -TRANS;;;0
;100015750111;STOLLE RD -4BK -TRANS;;;0
BENNINGTON CENTER;100015750389;BENNINGTON CTR -1BK -TRANS;;;1219
NORTH BROADWAY;100015750425;NO BROADWAY -1BK -TRANS;115;34.5;3282
NEW GARDENVILLE;100015750551;NEW GARDNVLLE -536 LINE-TRANS;;;1133
NEW GARDENVILLE;100015750585;GARDENVNEW -6BK -TRANS;115;34.5;2424
;100015750655;NEW GARDENVILLE -7BK -TRANS;;;0
BIG TREE;100015750721;BIG TREE -1BK -TRANS;115;34.5;4090
BIG TREE;100015750722;BIG TREE -2BK -TRANS;115;34.5;4090
ROLL RD;100015750830;ROLL RD -2BK -TRANS;115;34.5;9417
COBBLEHILL;100015750912;COBBLEHILL -1BK -TRANS;115;34.5;6953
GIRDLE RD;100015750991;GIRDLE RD -1BK -TRANS;115;34.5;1227
SPRINGBROOK;100015751089;SPRINGBROOK -1BK -TRANS;34.5;12.5;1313
WEST VARYSBURG;100015751175;WEST VARYSBURG -1BK -TRANS;;;336
COLD SPRINGS;100015751290;COLD SPRINGS -1BK -TRANS;;;6280
DEPEW;100015751326;DEPEW -1BK -TRANS;;;5395
VINE STREET;100015751366;VINE STREET - 1BK -TRANS;;;2178
VINE STREET;100015751367;VINE STREET - 1BK -TRANS;;;2178
VINE STREET;100015751368;VINE STREET - 1BK -TRANS;;;2178
TRANSIT;100015751424;TRANSIT -1BK -TRANS;;;1774
TRANSIT;100015751425;TRANSIT -1BK -TRANS;;;1774
TRANSIT;100015751426;TRANSIT -2BK -TRANS;;;70
TRANSIT;100015751427;TRANSIT -4BK -TRANS;;;1344
TRANSIT;100015751428;TRANSIT -4BK -TRANS;;;1344
TRANSIT;100015751429;TRANSIT -4BK -TRANS;;;1344
TRANSIT;100015751430;TRANSIT -5BK -TRANS;;;67
TRANSIT;100015751439;TRANSIT -1BK -TRANS;;;1774
PARK AVE;100015751541;PARK AVE -1BK -TRANS;;;1590
PARK AVE;100015751542;PARK AVE -1BK -TRANS;;;1590
PARK AVE;100015751543;PARK AVE -1BK -TRANS;;;1590
MILL STREET;100015751568;MILL STREET -1BK -TRANS;;;980
MILL STREET;100015751569;MILL STREET -1BK -TRANS;;;980
MILL STREET;100015751570;MILL STREET -1BK -TRANS;;;980
LOCUST STREET;100015751598;LOCUST STREET -1BK -TRANS;;;4883
LOCUST STREET;100015751599;LOCUST STREET -2BK -TRANS;;;3548
CHESTNUT RIDGE;100015751652;CHESTNUT RIDGE -1BK -TRANS;;;2163
SOUTH NIAGARA ST;100015751678;SOUTH NIAGARA ST -1BK -TRANS;;;773
SOUTH NIAGARA ST;100015751697;SOUTH NIAGARA ST -2BK -TRANS;;;317
HARRISON RADIATOR;100015751702;HARRISON RADIATOR 1BK -TRANS;;;0
HARRISON RADIATOR;100015751705;HARRISON RADIATOR 2BK -TRANS;;;0
HARRISON RADIATOR;100015751707;HARRISON RADIATOR 3BK -TRANS;;;0
;100015752009;ROBINSON ROAD - #1BK -TRANS;;;0
ROBINSON ROAD;100015752018;ROBINSON ROAD -GRNDBK -TRANS;;;0
;100015752304;RESERVE 42 -TRANS;;;0
;100015752305;RESERVE 42 -TRANS;;;0
;100015752306;RESERVE 42 -TRANS;;;0
;100015752307;RESERVE 42 -TRANS;;;0
;100015752308;RESERVE 42 -TRANS;;;0
;100015752309;RESERVE 42 -TRANS;;;0
MACEDON;100015752311;MACEDON -2BK -TRANS;;;3985
;100015752315;RESERVE 42 -TRANS;;;0
;100015752322;RESERVE 42 -TRANS;;;0
;100015752323;RESERVE 42 -TRANS;;;0
;100015752324;RESERVE 42 -TRANS;;;0
PALMYRA;100015752429;PALMYRA -1BK -TRANS;;;2215
VAN BUREN STREET;100015752474;VAN BUREN ST -2BK -TRANS;;;2813
VAN BUREN STREET;100015752482;VAN BUREN ST -2BK -TRANS;;;2813
VAN BUREN STREET;100015752485;VAN BUREN ST -2BK -TRANS;;;2813
VAN BUREN STREET;100015752486;VAN BUREN ST -1BK -TRANS;;;4152
LYONS;100015752536;LYONS -2BK -TRANS;;;2033
;100015752553;LYONS -GRND -BK -TRANS;;;0
;100015752554;LYONS -GRND -BK -TRANS;;;0
;100015752555;LYONS -GRND -BK -TRANS;;;0
CLYDE;100015752593;CLYDE -1BK -TRANS;;;1651
PHELPS;100015752606;PHELPS -1BK -TRANS;;;1008
PHELPS;100015752607;PHELPS -1BK -TRANS;;;1008
PHELPS;100015752608;PHELPS -1BK -TRANS;;;1008
OAK CORNERS;100015752648;OAK CORNERS -1BK -TRANS;;;539
OAK CORNERS;100015752649;OAK CORNERS -1BK -TRANS;;;539
OAK CORNERS;100015752658;OAK CORNERS -2BK -TRANS;;;1
OAK CORNERS;100015752659;OAK CORNERS -2BK -TRANS;;;1
OAK CORNERS;100015752660;OAK CORNERS -2BK -TRANS;;;1
OAK CORNERS;100015752661;OAK CORNERS -1BK -TRANS;;;539
WEST GENEVA;100015752684;W GENEVA -2BK -TRANS;;;1698
WEST GENEVA;100015752685;W GENEVA -2BK -TRANS;;;1698
WEST GENEVA;100015752686;W GENEVA -2BK -TRANS;;;1698
WEST GENEVA;100015752707;W GENEVA -1BK -TRANS;;;3944
LEHIGH STREET;100015752735;LEHIGH ST -2BK -TRANS;;;2827
LEHIGH STREET;100015752736;LEHIGH ST -2BK -TRANS;;;2827
LEHIGH STREET;100015752737;LEHIGH ST -2BK -TRANS;;;2827
LEHIGH STREET;100015752743;LEHIGH ST -1BK -TRANS;;;511
LEHIGH STREET;100015752744;LEHIGH ST -1BK -TRANS;;;511
LEHIGH STREET;100015752745;LEHIGH ST -1BK -TRANS;;;511
WATERLOO;100015752790;WATERLOO -1BK -TRANS;;;3180
WATERLOO;100015752791;WATERLOO -1BK -TRANS;;;3180
WATERLOO;100015752792;WATERLOO -1BK -TRANS;;;3180
GOULDS;100015752829;GOULDS -1BK -TRANS;;;521
GOULDS;100015752830;GOULDS -1BK -TRANS;;;521
GOULDS;100015752831;GOULDS -1BK -TRANS;;;521
SENECA FALLS;100015752955;SENECA FALLS - 3BK -TRANS;;;4408
MAC DOUGAL;100015752963;MAC DOUGALL -2BK -TRANS;;;707
MAC DOUGAL;100015752964;MAC DOUGALL -1BK -TRANS;;;950
MAC DOUGAL;100015752965;MAC DOUGALL -1BK -TRANS;;;950
MAC DOUGAL;100015752966;MAC DOUGALL -1BK -TRANS;;;950
MAC DOUGAL;100015752967;MAC DOUGALL -2BK -TRANS;;;707
MAC DOUGAL;100015752968;MAC DOUGALL -2BK -TRANS;;;707
SAMPSON;100015752987;SAMPSON -1BK -TRANS;;;9
SAMPSON;100015752992;SAMPSON -1BK -TRANS;;;9
SAMPSON;100015752993;SAMPSON -1BK -TRANS;;;9
GORHAM;100015753020;GORHAM -1BK -TRANS;;;703
GORHAM;100015753021;GORHAM -1BK -TRANS;;;703
GORHAM;100015753022;GORHAM -1BK -TRANS;;;703
HALL;100015753046;HALL -1BK -TRANS;;;199
HALL;100015753047;HALL -1BK -TRANS;;;199
HALL;100015753048;HALL -1BK -TRANS;;;199
RUSHVILLE;100015753058;RUSHVILLE -1BK -TRANS;;;759
RUSHVILLE;100015753059;RUSHVILLE -1BK -TRANS;;;759
RUSHVILLE;100015753060;RUSHVILLE -1BK -TRANS;;;759
MIDDLESEX;100015753089;MIDDLESEX -1BK -TRANS;;;1083
BELLONA;100015753100;BELLONA -1BK -TRANS;;;418
BELLONA;100015753101;BELLONA -1BK -TRANS;;;418
BELLONA;100015753102;BELLONA -1BK -TRANS;;;418
DRESDEN;100015753106;DRESDEN -1BK -TRANS;;;551
DRESDEN;100015753109;DRESDEN -1BK -TRANS;;;551
DRESDEN;100015753110;DRESDEN -1BK -TRANS;;;551
DRESDEN;100015753111;DRESDEN -2BK -TRANS;;;0
DRESDEN;100015753120;DRESDEN -2BK -TRANS;;;0
DRESDEN;100015753121;DRESDEN -2BK -TRANS;;;0
ST JOHNS;100015753135;ST JOHNS -2BK -TRANS;;;291
MILO;100015753173;MILO -1BK -TRANS;;;754
MILO;100015753174;MILO -1BK -TRANS;;;754
MILO;100015753175;MILO -1BK -TRANS;;;754
GREENIDGE;100015753198;GREENIDGE -5BK -TRANS;;;6983
DUNDEE;100015753331;DUNDEE -1BK -TRANS;;;1198
DUNDEE;100015753332;DUNDEE -1BK -TRANS;;;1198
DUNDEE;100015753333;DUNDEE -1BK -TRANS;;;1198
BANKERT ROAD;100015753385;BANKERT RD -1BK -TRANS;;;2396
SENECA ORDNANCE;100015753419;SENECA ORDNANCE -1BK -TRANS;;;652
SENECA ORDNANCE;100015753420;SENECA ORDNANCE -1BK -TRANS;;;652
SENECA ORDNANCE;100015753421;SENECA ORDNANCE -1BK -TRANS;;;652
FLAT STREET;100015753460;FLAT ST -1BK -TRANS;;;3546
SENECA ORDNANCE;100015753476;SENECA ORDNANCE -2BK -TRANS;;;17
KEUKA;100015753509;KEUKA -2BK -TRANS;;;736
KEUKA;100015753510;KEUKA -2BK -TRANS;;;736
KEUKA;100015753511;KEUKA -2BK -TRANS;;;736
HALEY ROAD;100015753554;HALEY RD -1BK -TRANS;;;9463
HYATT;100015753734;HYATT RD -1BK -TRANS;;;1611
BORDER CITY;100015753936;BORDER CITY -GRND -BK -TRANS;;;0
SLEIGHT ROAD;100015753945;SLEIGHT RD -2BK -TRANS;;;2176
SLEIGHT ROAD;100015753958;SLEIGHT RD -1BK -TRANS;;;2176
CAYUGA HEIGHTS;100015754097;CAYUGA HEIGHTS -1BK -TRANS;;;2363
CAYUGA HEIGHTS;100015754101;CAYUGA HEIGHTS -2BK -TRANS;;;2567
;100015754105;RESERVE 43 -TRANS;;;0
EAST ITHACA;100015754156;E. ITHACA -2BK -TRANS;;;3092
EAST ITHACA;100015754157;E. ITHACA -3BK -TRANS;;;4093
SOUTH LANSING;100015754251;S. LANSING -1BK -TRANS;;;1336
LUDLOWVILLE;100015754273;LUDLOWVILLE -1BK -TRANS;;;696
LUDLOWVILLE;100015754274;LUDLOWVILLE -1BK -TRANS;;;696
LUDLOWVILLE;100015754275;LUDLOWVILLE -1BK -TRANS;;;696
MORAVIA;100015754283;MORAVIA -1BK -TRANS;;;1167
MORAVIA;100015754284;MORAVIA -1BK -TRANS;;;1167
MORAVIA;100015754285;MORAVIA -1BK -TRANS;;;1167
MORAVIA;100015754286;MORAVIA -2BK -TRANS;;;1015
LOCKE;100015754325;LOCKE -1BK -TRANS;;;690
LOCKE;100015754326;LOCKE -1BK -TRANS;;;690
LOCKE;100015754327;LOCKE -1BK -TRANS;;;690
PERUVILLE;100015754336;PERUVILLE -1BK -TRANS;;;593
PERUVILLE;100015754337;PERUVILLE -1BK -TRANS;;;593
PERUVILLE;100015754349;PERUVILLE -1BK -TRANS;;;593
ETNA;100015754361;ETNA -1BK -TRANS;;;7103
ETNA;100015754374;ETNA -3BK -TRANS;;;1448
ETNA;100015754375;ETNA -3BK -TRANS;;;1448
ETNA;100015754376;ETNA -3BK -TRANS;;;1448
ETNA;100015754536;ETNA -GRNDBK -TRANS;;;0
DRYDEN;100015754541;DRYDEN -1BK -TRANS;;;1524
DRYDEN;100015754542;DRYDEN -1BK -TRANS;;;1524
DRYDEN;100015754550;DRYDEN -1BK -TRANS;;;1524
CANDOR;100015754592;CANDOR -1BK -TRANS;;;4638
CANDOR;100015754593;CANDOR -2BK -TRANS;;;493
WEST HILL;100015754629;W. HILL -1BK -TRANS;;;2538
WEST HILL;100015754630;W. HILL -1BK -TRANS;;;2538
WEST HILL;100015754631;W. HILL -1BK -TRANS;;;2538
WEST HILL;100015754632;W. HILL -1BK -TRANS;;;2538
SPENCER;100015754635;SPENCER -PADMT -TRANS;;;1133
CNTY HOSPTAL;100015754654;COUNTY HOSPITAL -1BK -TRANS;;;802
CNTY HOSPTAL;100015754655;COUNTY HOSPITAL -1BK -TRANS;;;802
CNTY HOSPTAL;100015754656;COUNTY HOSPITAL -1BK -TRANS;;;802
TRUMANSBURG;100015754709;TRUMANSBURG -1BK -TRANS;;;2303
TRUMANSBURG;100015754710;TRUMANSBURG -1BK -TRANS;;;2303
TRUMANSBURG;100015754711;TRUMANSBURG -1BK -TRANS;;;2303
INTERLAKEN;100015754744;INTERLAKEN -1BK -TRANS;;;1448
VALOIS;100015754757;VALOIS -1BK -TRANS;;;722
VALOIS;100015754758;VALOIS -1BK -TRANS;;;722
VALOIS;100015754759;VALOIS -1BK -TRANS;;;722
OVID;100015754772;OVID -1BK -TRANS;;;1443
BURDETT;100015754773;BURDETT -1BK -TRANS;;;675
BURDETT;100015754774;BURDETT -1BK -TRANS;;;675
BURDETT;100015754775;BURDETT -1BK -TRANS;;;675
SOUTH HILL;100015754787;S. HILL -1BK -TRANS;;;2262
SOUTH HILL;100015754789;S. HILL -2BK -TRANS;;;1944
FOURTH STREET;100015754834;FOURTH STREET -1BK -TRANS;;;1623
FOURTH STREET;100015754835;FOURTH STREET -1BK -TRANS;;;1623
FOURTH STREET;100015754836;FOURTH STREET -1BK -TRANS;;;1623
FOURTH STREET;100015754837;FOURTH STREET -2BK -TRANS;;;1585
FOURTH STREET;100015754838;FOURTH STREET -2BK -TRANS;;;1585
FOURTH STREET;100015754839;FOURTH STREET -2BK -TRANS;;;1585
BENJAMIN HILL;100015754905;BENJAMIN HILL -1BK -TRANS;;;1504
BENJAMIN HILL;100015754906;BENJAMIN HILL -1BK -TRANS;;;1504
BENJAMIN HILL;100015754907;BENJAMIN HILL -1BK -TRANS;;;1504
CODDINGTON;100015754931;CODDINGTON -2BK -TRANS;;;4206
CODDINGTON;100015754932;CODDINGTON -2BK -TRANS;;;4206
CODDINGTON;100015754933;CODDINGTON -2BK -TRANS;;;4206
CODDINGTON;100015754935;CODDINGTON -3BK -TRANS;115;34.5;3700
CODDINGTON;100015755033;CODDINGTON -GRNDBK -TRANS;;;0
HARFORD MILLS;100015755058;HARFORD MILLS -1BK -TRANS;;;303
HARFORD MILLS;100015755059;HARFORD MILLS -1BK -TRANS;;;303
HARFORD MILLS;100015755060;HARFORD MILLS -1BK -TRANS;;;303
EMERSON;100015755100;EMERSON -1BK -TRANS;;;0
EMERSON;100015755101;EMERSON -1BK -TRANS;;;0
EMERSON;100015755102;EMERSON -1BK -TRANS;;;0
MILLIKEN;100015755166;MILLIKEN -5BK -TRANS;115;34.5;3264
MILLIKEN;100015755169;MILLIKEN -6BK -TRANS;115;34.5;3264
;100015755337;RESERVE 44-TRANS;;;0
CAYUGA;100015755338;CAYUGA-#1BK-TRANS;;;938
STATE ST;100015755352;STATE ST-#1BK-TRANS;115;34.5;0
STATE ST;100015755353;STATE ST-#1BK-TRANS;115;34.5;0
STATE ST;100015755355;STATE ST-#1BK-TRANS;115;34.5;0
STATE STREET;100015755356;STATE ST-#4BK-TRANS;;;46
STATE STREET;100015755357;STATE ST-#4BK-TRANS;;;46
STATE STREET;100015755358;STATE ST-#4BK-TRANS;;;46
STATE STREET;100015755359;STATE ST-#4BK-TRANS;;;46
STATE STREET;100015755360;STATE ST-#5BK-TRANS;;;4622
STATE STREET;100015755526;STATE ST-GRNDBK-TRANS;;;0
WRIGHT AVENUE;100015755546;WRIGHT AVE-#1BK-TRANS;;;443
WRIGHT AVENUE;100015755547;WRIGHT AVE-#1BK-TRANS;;;443
WRIGHT AVENUE;100015755548;WRIGHT AVE-#1BK-TRANS;;;443
WRIGHT AVENUE;100015755549;WRIGHT AVE-#2BK-TRANS;;;2969
WRIGHT AVENUE;100015755550;WRIGHT AVE-#3BK-TRANS;;;443
UNION SPRINGS;100015755671;UNION SPRINGS-#1BK-TRANS;;;965
UNION SPRINGS;100015755672;UNION SPRINGS-#1BK-TRANS;;;965
UNION SPRINGS;100015755673;UNION SPRINGS-#1BK-TRANS;;;965
GRANT AVENUE;100015755683;GRANT AVE-#1BK-TRANS;;;2274
SWIFT STREET;100015755728;SWIFT AVE-#1BK-TRANS;;;3008
SWIFT STREET;100015755732;SWIFT AVE-#1BK-TRANS;;;3008
SWIFT STREET;100015755733;SWIFT AVE-#1BK-TRANS;;;3008
AURORA;100015755757;AURORA-#1BK-TRANS;;;1111
AURORA;100015755763;AURORA-#1BK-TRANS;;;1111
AURORA;100015755764;AURORA-#1BK-TRANS;;;1111
CLARK STREET;100015755785;CLARK ST-#1BK-TRANS;;;887
CLARK STREET;100015755786;CLARK ST-#1BK-TRANS;;;887
CLARK STREET;100015755787;CLARK ST-#1BK-TRANS;;;887
GREEN STREET;100015755815;GREEN ST-#1BK-TRANS;;;431
GREEN STREET;100015755816;GREEN ST-#2BK-TRANS;;;458
PORT BYRON;100015755890;PORT BYRON-#1BK-TRANS;;;1626
PORT BYRON;100015755891;PORT BYRON-#1BK-TRANS;;;1626
PORT BYRON;100015755892;PORT BYRON-#1BK-TRANS;;;1626
WEEDSPORT;100015755917;WEEDSPORT-#1BK-TRANS;;;1467
WEEDSPORT;100015755918;WEEDSPORT-#1BK-TRANS;;;1467
WEEDSPORT;100015755919;WEEDSPORT-#1BK-TRANS;;;1467
JORDAN;100015755944;JORDAN-#1BK-TRANS;;;1064
JORDAN;100015755945;JORDAN-#1BK-TRANS;;;1064
JORDAN;100015755946;JORDAN-#1BK-TRANS;;;1064
JORDAN;100015755961;JORDAN-#2BK-TRANS;;;1016
MARCELLUS;100015755976;MARCELLUS-#1BK-TRANS;;;2107
MARCELLUS;100015755977;MARCELLUS-#1BK-TRANS;;;2107
MARCELLUS;100015755978;MARCELLUS-#1BK-TRANS;;;2107
OTISCO;100015756000;OTISCO-#1BK-TRANS;;;1239
OTISCO;100015756001;OTISCO-#1BK-TRANS;;;1239
OTISCO;100015756002;OTISCO-#1BK-TRANS;;;1239
MARIETTA;100015756030;MARIETTA-GRND-BK-TRANS;;;0
MARIETTA;100015756031;MARIETTA-GRND-BK-TRANS;;;0
MARIETTA;100015756043;MARIETTA-GRND-BK-TRANS;;;0
MARIETTA;100015756044;MARIETTA-GRND-BK-TRANS;;;0
GENOA;100015756047;GENOA-#1BK-TRANS;;;711
GENOA;100015756048;GENOA-#1BK-TRANS;;;711
GENOA;100015756049;GENOA-#1BK-TRANS;;;711
SCIPIO;100015756068;SCIPIO-#1BK-TRANS;;;788
SCIPIO;100015756069;SCIPIO-#1BK-TRANS;;;788
SCIPIO;100015756070;SCIPIO-#1BK-TRANS;;;788
STRYKER AVENUE;100015756080;STRYKER AVE-#1BK-TRANS;;;4298
HAMILTON ROAD;100015756110;HAMILTON RD-#1BK-TRANS;;;4064
SAVANNAH;100015756179;SAVANNAH-#1BK-TRANS;;;276
SAVANNAH;100015756180;SAVANNAH-#1BK-TRANS;;;276
SAVANNAH;100015756181;SAVANNAH-#1BK-TRANS;;;276
BUCKEYE PIPELINE;100015756221;BUCKEYE PIPELINE-#1BK-TRANS;;;0
BUCKEYE PIPELINE;100015756222;BUCKEYE PIPELINE-#1BK-TRANS;;;0
BUCKEYE PIPELINE;100015756223;BUCKEYE PIPELINE-#1BK-TRANS;;;0
BUCKEYE PIPELINE;100015756224;BUCKEYE PIPELINE-#1BK-TRANS;;;0
;100015756263;RESERVE 52 -TRANS;;;0
;100015756264;RESERVE 52 -TRANS;;;0
;100015756265;RESERVE 52 -TRANS;;;0
WEST ELMIRA;100015756281;WEST ELMIRA - 2BK -TRANS;;;2953
WEST ELMIRA;100015756282;WEST ELMIRA - 2BK -TRANS;;;2953
WEST ELMIRA;100015756283;WEST ELMIRA - 2BK -TRANS;;;2953
MADISON AVE;100015756338;MADISON AVE - 1BK -TRANS;;;560
MADISON AVE;100015756339;MADISON AVE - 1BK -TRANS;;;560
MADISON AVE;100015756340;MADISON AVE - 1BK -TRANS;;;560
MADISON AVE;100015756344;MADISON AVE - 3BK -TRANS;;;1469
FIRST STREET;100015756403;FIRST ST - 1BK -TRANS;;;197
FIRST STREET;100015756404;FIRST ST - 2BK -TRANS;;;450
HILLCREST RD;100015756469;HILLCREST RD - 1BK -TRANS;;;2531
WOODLAWN AVENUE;100015756484;WOODLAWN AVE - 1BK -TRANS;;;489
WOODLAWN AVENUE;100015756485;WOODLAWN AVE - 1BK -TRANS;;;489
WOODLAWN AVENUE;100015756486;WOODLAWN AVE - 1BK -TRANS;;;489
WOODLAWN AVENUE;100015756487;WOODLAWN AVE - 2BK -TRANS;;;4
WOODLAWN AVENUE;100015756489;WOODLAWN AVE - 3BK -TRANS;;;1353
WOODLAWN AVENUE;100015756490;WOODLAWN AVE - 3BK -TRANS;;;1353
WOODLAWN AVENUE;100015756491;WOODLAWN AVE - 3BK -TRANS;;;1353
14TH ST;100015756569;14TH ST - 2BK -TRANS;;;10
14TH ST;100015756580;14TH ST - 3BK -TRANS;;;2666
RIVERSIDE;100015756689;RIVERSIDE - 2BK -TRANS;;;1664
HAMPTON ROAD;100015756736;HAMPTON RD - 1BK -TRANS;;;1520
HAMPTON ROAD;100015756751;HAMPTON RD - 2BK -TRANS;;;570
HAMPTON ROAD;100015756753;HAMPTON RD - 3BK -TRANS;;;1463
HAMPTON ROAD;100015756754;HAMPTON RD - 3BK -TRANS;;;1463
HAMPTON ROAD;100015756755;HAMPTON RD - 3BK -TRANS;;;1463
BULKHEAD;100015756822;BULKHEAD - 1BK -TRANS;;;1240
BULKHEAD;100015756823;BULKHEAD - 1BK -TRANS;;;1240
BULKHEAD;100015756824;BULKHEAD - 1BK -TRANS;;;1240
BULKHEAD;100015756825;BULKHEAD - 2BK -TRANS;;;4181
TUTTLE PLACE;100015756873;TUTTLE PLACE - 1BK -TRANS;;;1053
TUTTLE PLACE;100015756874;TUTTLE PLACE - 1BK -TRANS;;;1053
TUTTLE PLACE;100015756875;TUTTLE PLACE - 1BK -TRANS;;;1053
BROAD STREET;100015756893;BROAD ST - 1BK -TRANS;;;1479
BROAD STREET;100015756897;BROAD ST - 2BK -TRANS;;;1239
BROAD STREET;100015756898;BROAD ST - 2BK -TRANS;;;1239
BROAD STREET;100015756899;BROAD ST - 2BK -TRANS;;;1239
CHEMUNG;100015756976;CHEMUNG - 1BK -TRANS;;;1328
RIDGE ROAD;100015757022;RIDGE RD - 2BK -TRANS;;;3120
RIDGE ROAD;100015757023;RIDGE RD - 2BK -TRANS;;;3120
RIDGE ROAD;100015757024;RIDGE RD - 2BK -TRANS;;;3120
RIDGE ROAD;100015757066;RIDGE RD -501L -BK -TRANS;;;1496
RIDGE ROAD;100015757105;RIDGE RD -GRND -BK -TRANS;;;0
GOSS ROAD;100015757152;GOSS RD - 1BK -TRANS;;;729
GOSS ROAD;100015757153;GOSS RD - 1BK -TRANS;;;729
GOSS ROAD;100015757154;GOSS RD - 1BK -TRANS;;;729
GOSS ROAD;100015757156;GOSS RD - 2BK -TRANS;;;37
MONTOUR FALLS;100015757205;MONTOUR FALLS - 1BK -TRANS;;;8646
MONTOUR FALLS;100015757206;MONTOUR FALLS - 1BK -TRANS;;;8646
MONTOUR FALLS;100015757207;MONTOUR FALLS - 1BK -TRANS;;;8646
MONTOUR FALLS;100015757225;MONTOUR FALLS - 3BK -TRANS;;;1387
MONTOUR FALLS;100015757363;MONTOUR FALLS -GRND -BK -TRANS;;;0
MONTOUR FALLS;100015757376;MONTOUR FALLS -GRND -BK -TRANS;;;0
CAYUTA;100015757391;CAYUTA - 1BK -TRANS;;;361
CAYUTA;100015757392;CAYUTA - 1BK -TRANS;;;361
CAYUTA;100015757393;CAYUTA - 1BK -TRANS;;;361
BATH;100015757412;BATH - 2BK -TRANS;;;920
BATH TAP;100015757413;BATH - 3BK -TRANS;115;34.5;1824
CAMPBELL;100015757524;CAMPBELL - 1BK -TRANS;;;1120
CAMPBELL;100015757525;CAMPBELL - 1BK -TRANS;;;1120
CAMPBELL;100015757546;CAMPBELL - 1BK -TRANS;;;1120
FALLBROOK;100015757585;FALLBROOK - 1BK -TRANS;;;2247
FALLBROOK;100015757586;FALLBROOK - 2BK -TRANS;;;36
FULTON STREET;100015757683;FULTON ST - 1BK -TRANS;;;2823
FULTON STREET;100015757684;FULTON ST - 1BK -TRANS;;;2823
FULTON STREET;100015757685;FULTON ST - 1BK -TRANS;;;2823
FULTON STREET;100015757686;FULTON ST - 4BK -TRANS;;;1
HAMMONDSPORT;100015757769;HAMMONDSPORT - 1BK -TRANS;;;848
HAMMONDSPORT;100015757770;HAMMONDSPORT - 1BK -TRANS;;;848
HAMMONDSPORT;100015757771;HAMMONDSPORT - 1BK -TRANS;;;848
HAMMONDSPORT;100015757772;HAMMONDSPORT - 2BK -TRANS;;;1332
HAMMONDSPORT;100015757773;HAMMONDSPORT - 2BK -TRANS;;;1332
HAMMONDSPORT;100015757774;HAMMONDSPORT - 2BK -TRANS;;;1332
HAMMONDSPORT;100015757775;HAMMONDSPORT - 2BK -TRANS;;;1332
KANE STREET;100015757804;KANE ST - 1BK -TRANS;;;1920
KANE STREET;100015757805;KANE ST - 1BK -TRANS;;;1920
KANE STREET;100015757806;KANE ST - 1BK -TRANS;;;1920
PRATTSBURG;100015757846;PRATTSBURG - 1BK -TRANS;;;1045
PRATTSBURG;100015757847;PRATTSBURG - 1BK -TRANS;;;1045
PRATTSBURG;100015757848;PRATTSBURG - 1BK -TRANS;;;1045
PRESHO;100015757869;PRESHO - 1BK -TRANS;;;938
SOUTH ADDISON;100015757901;SOUTH ADDISON - 1BK -TRANS;;;1789
WHISKEY CREEK;100015757928;WHISKEY CREEK - 1BK -TRANS;;;1629
WHISKEY CREEK;100015757929;WHISKEY CREEK - 1BK -TRANS;;;1629
WHISKEY CREEK;100015757930;WHISKEY CREEK - 1BK -TRANS;;;1629
WHISKEY CREEK;100015757931;WHISKEY CREEK - 1BK -TRANS;;;1629
KANONA;100015757961;KANONA - 1BK -TRANS;;;382
HICKLING;100015758015;HICKLING - 3BK -TRANS;;;2059
HICKLING;100015758127;HICKLING -GRNDBK -TRANS;;;0
CANTON AVE;100015758267;CATON AVE -GRNDBK -TRANS;;;0
;100015758367;WEST ERIE AVE -GRND -BK -TRANS;;;0
PHILO RD;100015758424;PHILO RD - 1BK -TRANS;;;1606
CORNING;100015758489;NEW CORNING - 1BK -TRANS;34.5;12.5;1156
YAWGER ROAD;100015758580;YAWGER RD - 1BK -TRANS;;;2504
SULLIVAN PARK;100015758660;SULLIVAN PARK - 1BK -TRANS;;;3
SULLIVAN PARK;100015758685;SULLIVAN PARK - 2BK -TRANS;;;3
;100015759079;HILLSIDE -GRNDBK -TRANS;;;0
;100015759141;RESERVE 53 -TRANS;;;0
;100015759142;RESERVE 53 -TRANS;;;0
;100015759143;RESERVE 53 -TRANS;;;0
;100015759144;RESERVE 53 -TRANS;;;0
HILL ST;100015759149;HILL ST -1BK -TRANS;34.5;4.8;2552
HILL ST;100015759152;HILL ST -2BK -TRANS;34.5;4.8;2552
WEBB CROSSING;100015759193;WEBB CROSSING -1BK -TRANS;;;769
WEBB CROSSING;100015759194;WEBB CROSSING -1BK -TRANS;;;769
WEBB CROSSING;100015759195;WEBB CROSSING -1BK -TRANS;;;769
WEBB CROSSING;100015759198;WEBB CROSSING -2BK -TRANS;;;117
WEBB CROSSING;100015759199;WEBB CROSSING -2BK -TRANS;;;117
WEBB CROSSING;100015759200;WEBB CROSSING -2BK -TRANS;;;117
WEBB CROSSING;100015759201;WEBB CROSSING -2BK -TRANS;;;117
ARKPORT;100015759228;ARKPORT -1BK -TRANS;;;1014
ARKPORT;100015759229;ARKPORT -1BK -TRANS;;;1014
ARKPORT;100015759240;ARKPORT -1BK -TRANS;;;1014
ATLANTA;100015759261;ATLANTA -2BK -TRANS;;;480
ATLANTA;100015759273;ATLANTA -GRND -BK -TRANS;;;0
ATLANTA;100015759274;ATLANTA -GRND -BK -TRANS;;;0
ATLANTA;100015759275;ATLANTA -GRND -BK -TRANS;;;0
BENNETT;100015759284;BENNETT -1BK -TRANS;115;34.5;1672
BENNETT;100015759286;BENNETT -2BK -TRANS;115;34.5;1672
BENNETT;100015759287;BENNETT -2BK -TRANS;115;34.5;1672
BENNETT;100015759297;BENNETT -2BK -TRANS;115;34.5;1672
BENNETT;100015759301;BENNETT -3BK -TRANS;;;2186
BENNETT;100015759302;BENNETT -3BK -TRANS;;;2186
BENNETT;100015759303;BENNETT -3BK -TRANS;;;2186
BENNETT;100015759386;BENNETT -GRND -BK -TRANS;;;0
CANASERAGA;100015759405;CANASERAGA -1BK -TRANS;;;463
CANASERAGA;100015759406;CANASERAGA -1BK -TRANS;;;463
CANASERAGA;100015759407;CANASERAGA -1BK -TRANS;;;463
COHOCTON;100015759434;COHOCTON -1BK -TRANS;;;516
COHOCTON;100015759435;COHOCTON -1BK -TRANS;;;516
COHOCTON;100015759436;COHOCTON -1BK -TRANS;;;516
CANISTEO;100015759443;CANISTEO -1BK -TRANS;;;1062
HOWARD;100015759473;HOWARD -1BK -TRANS;;;366
HOWARD;100015759474;HOWARD -1BK -TRANS;;;366
HOWARD;100015759475;HOWARD -1BK -TRANS;;;366
HOWARD;100015759476;HOWARD -1BK -TRANS;;;366
LEICESTER;100015759504;LEICESTER -1BK -TRANS;;;239
LEICESTER;100015759505;LEICESTER -1BK -TRANS;;;239
LEICESTER;100015759506;LEICESTER -1BK -TRANS;;;239
LEICESTER;100015759510;LEICESTER -2BK -TRANS;;;785
LEICESTER;100015759511;LEICESTER -2BK -TRANS;;;785
LEICESTER;100015759512;LEICESTER -2BK -TRANS;;;785
LEICESTER;100015759518;LEICESTER -2BK -TRANS;;;785
MEYER;100015759553;MEYER -3BK -TRANS;;;695
MEYER;100015759554;MEYER -3BK -TRANS;;;695
MEYER;100015759555;MEYER -3BK -TRANS;;;695
MEYER;100015759561;MEYER -5BK -TRANS;;;3489
NAPLES;100015759727;NAPLES -1BK -TRANS;;;965
NAPLES;100015759728;NAPLES -1BK -TRANS;;;965
NAPLES;100015759729;NAPLES -1BK -TRANS;;;965
PALMITER RD;100015759766;PALMITER RD -1BK -TRANS;;;2716
PERRY CENTER;100015759810;PERRY CENTER -1BK -TRANS;;;628
PERRY CENTER;100015759811;PERRY CENTER -1BK -TRANS;;;628
PERRY CENTER;100015759812;PERRY CENTER -1BK -TRANS;;;628
SILVER SPRINGS;100015759848;SILVER SPRINGS -1BK -TRANS;;;870
SILVER SPRINGS;100015759873;SILVER SPRINGS -GRNDBK -TRANS;;;0
STANTON AVENUE;100015759896;STANTON AVE -3BK -TRANS;;;2404
SPRING WATER;100015759903;SPRING WATER -1BK -TRANS;;;1059
TROUPSBURG;100015759932;TROUPSBURG -GRND -BK -TRANS;;;0
TROUPSBURG;100015759933;TROUPSBURG -GRND -BK -TRANS;;;0
TROUPSBURG;100015759934;TROUPSBURG -GRND -BK -TRANS;;;0
WALLACE;100015759937;WALLACE -2BK -TRANS;;;1105
WALLACE;100015759938;WALLACE -2BK -TRANS;;;1105
WALLACE;100015759939;WALLACE -2BK -TRANS;;;1105
WARSAW;100015759975;WARSAW -1BK -TRANS;;;1748
WARSAW;100015759977;WARSAW -2BK -TRANS;;;1506
WARSAW;100015759978;WARSAW -2BK -TRANS;;;1506
WARSAW;100015759979;WARSAW -2BK -TRANS;;;1506
WAYLAND;100015760039;WAYLAND -2BK -TRANS;;;1822
WAYLAND;100015760040;WAYLAND -2BK -TRANS;;;1822
WAYLAND;100015760041;WAYLAND -2BK -TRANS;;;1822
WOODHULL;100015760072;WOODHULL -1BK -TRANS;;;572
WOODHULL;100015760073;WOODHULL -1BK -TRANS;;;572
WOODHULL;100015760074;WOODHULL -1BK -TRANS;;;572
SOUTH PERRY;100015760120;SOUTH PERRY -1BK -TRANS;;;8664
SOUTH PERRY;100015760193;SOUTH PERRY -GRNDBK -TRANS;;;0
;100015760224;SOUTH PERRY -4BK -TRANS;;;0
;100015760379;MARSH HILL - IPP - GRND BK#1 -TRANS;;;0
MORAINE RD;100015760401;MORAINE RD -1BK -TRANS;115;34.5;764
;100015760549;HOMER CITY -NORTH AUTO -TRANS;;;0
;100015760572;HOMER CITY -SOUTH AUTO -TRANS;;;0
;100015760597;RESERVE 81-TRANS;;;0
;100015760598;RESERVE 81-TRANS;;;0
;100015760602;RESERVE 81-TRANS;;;0
;100015760604;RESERVE 81-TRANS;;;0
;100015760609;RESERVE 81-TRANS;;;0
;100015760610;RESERVE 81-TRANS;;;0
;100015760611;RESERVE 81-TRANS;;;0
MORRIS STREET;100015760622;MORRIS STREET-#1BK-TRANS;34.5;4.8;751
MORRIS STREET;100015760624;MORRIS STREET-#2BK-TRANS;34.5;4.8;3193
;100015760642;RESERVE 81-TRANS;;;0
;100015760643;RESERVE 81-TRANS;;;0
;100015760644;RESERVE 81-TRANS;;;0
;100015760645;RESERVE 81-TRANS;;;0
;100015760646;RESERVE 81-TRANS;;;0
BURR AVENUE;100015760684;BURR AVE-#1BK-TRANS;;;990
BURR AVENUE;100015760685;BURR AVE-#1BK-TRANS;;;990
BURR AVENUE;100015760686;BURR AVE-#1BK-TRANS;;;990
BURR AVENUE;100015760687;BURR AVE-#2BK-TRANS;;;1888
HARPUR;100015760750;HARPUR-#1BK-TRANS;34.5;4.8;445
HARPUR;100015760751;HARPUR-#2BK-TRANS;34.5;4.8;445
HARPUR;100015760752;HARPUR-#3BK-TRANS;34.5;4.8;1529
HARPUR;100015760762;HARPUR-#4BK-TRANS;34.5;4.8;1529
NOYES ISLAND;100015760805;NOYES ISLAND-#1BK-TRANS;34.5;8.3000000000000007;3584
NOYES ISLAND;100015760806;NOYES ISLAND-#2BK-TRANS;34.5;12.5;221
NOYES ISLAND;100015760807;NOYES ISLAND-#5BK-TRANS;34.5;8.3000000000000007;607
NOYES ISLAND;100015760808;NOYES ISLAND-#6BK-TRANS;34.5;12.5;626
GOUDEY;100015761086;GOUDEY-#3BK-#1T-TRANS;;;2992
GOUDEY;100015761087;GOUDEY-#3BK-#2T-TRANS;;;2992
GOUDEY;100015761351;GOUDEY-GRND BK-TRANS;;;0
JARVIS STREET;100015761489;JARVIS STREET-#1BK-TRANS;34.5;4.8;2985
JARVIS STREET;100015761490;JARVIS STREET-#2BK-TRANS;34.5;4.8;2133
HOOPER ROAD;100015761564;HOOPER ROAD-#1BK-TRANS;;;3228
HOOPER ROAD;100015761576;HOOPER ROAD-#1BK-TRANS;;;3228
HOOPER ROAD;100015761577;HOOPER ROAD-#1BK-TRANS;;;3228
ENDICOTT CLARK ST;100015761609;CLARK ST-#1BK;34.5;4.8;1369
ENDICOTT CLARK ST;100015761610;CLARK ST-#1BK;34.5;4.8;1369
ENDICOTT CLARK ST;100015761611;CLARK ST-#1BK;34.5;4.8;1369
ENDICOTT CLARK ST;100015761614;CLARK ST-#2BK-TRANS;34.5;4.8;1369
ENDICOTT CLARK ST;100015761615;CLARK ST-#2BK-TRANS;34.5;4.8;1369
ENDICOTT CLARK ST;100015761616;CLARK ST-#2BK-TRANS;34.5;4.8;1369
ENDICOTT CLARK ST;100015761638;CLARK ST-#4BK-TRANS;34.5;12.5;2743
ENDICOTT RAILWAY;100015761808;ENDICOTT RAILWAY-#1BK-TRANS;;;1778
ENDICOTT RAILWAY;100015761809;ENDICOTT RAILWAY-#1BK-TRANS;;;1778
ENDICOTT RAILWAY;100015761810;ENDICOTT RAILWAY-#1BK-TRANS;;;1778
ENDICOTT HILL;100015761851;ENDICOTT HILL-#1BK-TRANS;;;2053
ENDICOTT HILL;100015761852;ENDICOTT HILL-#1BK-TRANS;;;2053
ENDICOTT HILL;100015761853;ENDICOTT HILL-#1BK-TRANS;;;2053
RANO;100015761871;RANO-#1BK-TRANS;;;258
RANO;100015761872;RANO-#1BK-TRANS;;;258
RANO;100015761873;RANO-#1BK-TRANS;;;258
RANO;100015761874;RANO-#1BK-TRANS;;;258
RANO;100015761875;RANO-#2BK-TRANS;;;1410
WEST UNION;100015761932;W. UNION-#1BK-TRANS;;;2507
VESTAL;100015761974;VESTAL-#1BK-TRANS;;;536
VESTAL;100015761975;VESTAL-#1BK-TRANS;;;536
VESTAL;100015761976;VESTAL-#1BK-TRANS;;;536
VESTAL;100015761977;VESTAL-#2BK-TRANS;;;2179
NOWLAN ROAD;100015762025;NOWLAN ROAD-#3BK-TRANS;;;1999
;100015762051;NOWLAN ROAD-GRNDBK-TRANS;;;0
WHITNEY AVE;100015762059;WHITNEY AVE-#1BK-TRANS;34.5;4.8;695
WHITNEY AVE;100015762060;WHITNEY AVE-#2BK-TRANS;34.5;4.8;2524
CHENANGO BRIDGE;100015762130;CHENANGO BRIDGE-#2BK-TRANS;;;2144
CONKLIN;100015762144;CONKLIN-#1BK-TRANS;;;1656
CONKLIN;100015762145;CONKLIN-#1BK-TRANS;;;1656
CONKLIN;100015762146;CONKLIN-#1BK-TRANS;;;1656
APALACHIN;100015762174;APALACHIN-#1BK-TRANS;;;817
APALACHIN;100015762175;APALACHIN-#1BK-TRANS;;;817
APALACHIN;100015762176;APALACHIN-#1BK-TRANS;;;817
BODLE HILL;100015762196;BODLE HILL-#1BK-TRANS;;;1298
BODLE HILL;100015762197;BODLE HILL-#1BK-TRANS;;;1298
BODLE HILL;100015762198;BODLE HILL-#1BK-TRANS;;;1298
OWEGO LOWER;100015762228;OWEGO-#2BK-TRANS;;;820
OWEGO LOWER;100015762229;OWEGO-#2BK-TRANS;;;820
OWEGO LOWER;100015762230;OWEGO-#2BK-TRANS;;;820
WHIG STREET;100015762233;WHIG STREET-#1BK-TRANS;;;1020
FLEMINGVILLE;100015762250;FLEMINGVILLE-#1BK-TRANS;;;708
FLEMINGVILLE;100015762251;FLEMINGVILLE-#1BK-TRANS;;;708
FLEMINGVILLE;100015762252;FLEMINGVILLE-#1BK-TRANS;;;708
MAINE;100015762262;MAINE-#1BK-TRANS;;;1170
MAINE;100015762263;MAINE-#1BK-TRANS;;;1170
MAINE;100015762264;MAINE-#1BK-TRANS;;;1170
WHITNEY POINT;100015762306;WHITNEY POINT-#1BK-TRANS;;;1389
WHITNEY POINT;100015762307;WHITNEY POINT-#1BK-TRANS;;;1389
WHITNEY POINT;100015762308;WHITNEY POINT-#1BK-TRANS;;;1389
LANGDON;100015762335;LANGDON-#1BK-TRANS;;;1445
LANGDON;100015762337;LANGDON-#2BK-1-TRANS;;;940
LANGDON;100015762338;LANGDON-#2BK-2-TRANS;;;940
LANGDON;100015762340;LANGDON-#3BK-TRANS;115;34.5;1522
LANGDON;100015762341;LANGDON-#4BK-TRANS;115;34.5;1559
LOUNSBERRY;100015762489;LOUNSBERRY-#1BK-TRANS;;;1937
LOUNSBERRY;100015762490;LOUNSBERRY-#1BK-TRANS;;;1937
LOUNSBERRY;100015762491;LOUNSBERRY-#1BK-TRANS;;;1937
LOUNSBERRY;100015762492;LOUNSBERRY-#1BK-TRANS;;;1937
AFTON;100015762525;AFTON-#1BK-TRANS;;;2074
CENTER VILLAGE;100015762540;CENTER VILLAGE-#1BK-TRANS;;;1000
CENTER VILLAGE;100015762541;CENTER VILLAGE-#1BK-TRANS;;;1000
CENTER VILLAGE;100015762542;CENTER VILLAGE-#1BK-TRANS;;;1000
AFTON;100015762548;AFTON-GRND-BK-TRANS;;;0
CINCINNATUS;100015762558;CINCINNATUS-#1BK-TRANS;;;747
CHENANGO FORKS;100015762563;CHENANGO FORKS-#1BK-TRANS;;;243
CHENANGO FORKS;100015762564;CHENANGO FORKS-#1BK-TRANS;;;243
CHENANGO FORKS;100015762565;CHENANGO FORKS-#1BK-TRANS;;;243
CINCINNATUS;100015762576;CINCINNATUS-#1BK-TRANS;;;747
CINCINNATUS;100015762587;CINCINNATUS-#1BK-TRANS;;;747
GREENE;100015762593;GREENE-#1BK-TRANS;;;467
GREENE;100015762594;GREENE-#1BK-TRANS;;;467
GREENE;100015762595;GREENE-#1BK-TRANS;;;467
VINCENT CORNERS;100015762646;VINCENT CORNERS-#1BK-TRANS;;;492
VINCENT CORNERS;100015762647;VINCENT CORNERS-#1BK-TRANS;;;492
VINCENT CORNERS;100015762648;VINCENT CORNERS-#1BK-TRANS;;;492
TARBELL;100015762659;TARBELL-#1BK-TRANS;;;556
WINDSOR;100015762670;WINDSOR-#1BK-TRANS;;;1479
WINDSOR;100015762671;WINDSOR-#1BK-TRANS;;;1479
WINDSOR;100015762672;WINDSOR-#1BK-TRANS;;;1479
BERKSHIRE;100015762715;BERKSHIRE-#1BK-TRANS;;;807
CASTLE GARDEN;100015762719;CASTLE GARDEN-#1BK-TRANS;;;3709
CASTLE GARDEN;100015762720;CASTLE GARDEN-#1BK-TRANS;;;3709
CASTLE GARDEN;100015762721;CASTLE GARDEN-#1BK-TRANS;;;3709
CASTLE GARDEN;100015762722;CASTLE GARDEN-#1BK-TRANS;;;3709
MORNINGSIDE HEIGHTS;100015762766;MORNINGSIDE HEIGHTS-#1BK-TRANS;;;1182
MORNINGSIDE HEIGHTS;100015762767;MORNINGSIDE HEIGHTS-#1BK-TRANS;;;1182
MORNINGSIDE HEIGHTS;100015762768;MORNINGSIDE HEIGHTS-#1BK-TRANS;;;1182
;100015762793;OAKDALE-#1BK-TRANS;;;0
;100015762794;OAKDALE-#2BK-TRANS;;;0
;100015762795;OAKDALE-#3BK-TRANS;;;0
OAKDALE;100015762797;OAKDALE-#5BK-TRANS;;;2410
OAKDALE;100015762798;OAKDALE-#6BK-TRANS;;;1324
WILLET;100015763264;WILLET-#1BK-TRANS;;;7624
NORTHSIDE;100015763315;NORTHSIDE-#1BK-TRANS;115;34.5;30
NORTHSIDE;100015763316;NORTHSIDE-#1BK-TRANS;115;34.5;30
NORTHSIDE;100015763317;NORTHSIDE-#1BK-TRANS;115;34.5;30
NORTHSIDE;100015763319;NORTHSIDE-#2BK-TRANS;;;9496
;100015763400;NORTHSIDE-GRND-BK-TRANS;;;0
;100015763410;NORTHSIDE-GRNDBK A-TRANS;;;0
KATTLEVILLE;100015763430;KATTLEVILLE-#1BK-TRANS;;;5137
SANATARIA SPRINGS;100015763455;SANATARIA SPRINGS-#1BK-TRANS;;;1235
SANATARIA SPRINGS;100015763456;SANATARIA SPRINGS-#1BK-TRANS;;;1235
SANATARIA SPRINGS;100015763457;SANATARIA SPRINGS-#1BK-TRANS;;;1235
FULLER HOLLOW;100015763481;FULLER HOLLOW-#2BK-TRANS;;;3520
LOURDES;100015763518;LOURDES-#1BK-TRANS;;;9
SOUTH OWEGO;100015763646;S. OWEGO-#1BK-TRANS;;;1299
SOUTH OWEGO;100015763669;S. OWEGO-#1BK-TRANS;;;1299
SOUTH OWEGO;100015763670;S. OWEGO-#1BK-TRANS;;;1299
;100015763671;S. OWEGO-#1GRND-BK-TRANS;;;0
SOUTH OWEGO;100015763673;S. OWEGO-#2BK-TRANS;;;8447
SOUTH OWEGO;100015763674;S. OWEGO-#2BK-TRANS;;;8447
SOUTH OWEGO;100015763675;S. OWEGO-#2BK-TRANS;;;8447
;100015763676;S. OWEGO-#2GRND-BK-TRANS;;;0
;100015763680;S. OWEGO-#4GRND-BK-TRANS;;;0
;100015763689;S. OWEGO-#3GRNDBK-TRANS;;;0
BEVIER STREET;100015763876;BEVIER STREET-#1BK-TRANS;;;547
UPSTATE SHREDDING;100015763934;UPSTATE SHREDDING-BANK 1-TRANS;;;0
GANNETT;100015763954;GANNETT- 1BK - TRANS;;;1
CLARKS CORNERS ROAD;100015763975;CLARKS CORNERS ROAD - 1BK -TRANS;;;0
CLARKS CORNERS ROAD;100015763976;CLARKS CORNERS ROAD - 2BK -TRANS;;;0
MORGAN RD;100015764093;MORGAN RD-#1BK-TRANS;115;34.5;488
MORGAN ROAD;100015764163;MORGAN RD-GRNDBK-TRANS;;;0
NORTH ENDICOTT;100015764182;N. ENDICOTT-#2BK-TRANS;115;34.5;1948
;100015764372;PORTABLE 2 -NO 2 -TRANS;;;0
;100015764373;PORTABLE 3 -NO 3 -TRANS;;;0
;100015764374;PORTABLE 4 -NO 4 -TRANS;;;0
;100015764375;PORTABLE 5 -NO 5 -TRANS;;;0
;100015764404;PORTABLE 6 -NO 6 -TRANS;;;0
;100015764405;PORTABLE 7 -NO 7 -TRANS;;;0
;100015764406;PORTABLE 8 -NO 8 -TRANS;;;0
;100015764432;PORTABLE 9 -NO 9 -TRANS;;;0
;100015764433;PORTABLE 10 -NO 10 -TRANS;;;0
;100015764434;PORTABLE 11 -NO 11 -TRANS;;;0
;100015764435;PORTABLE 12 -NO 12 -TRANS;;;0
;100015764461;PORTABLE 14 -NO 14 -TRANS;;;0
;100015764465;PORTABLE 13 -NO 13 -TRANS;;;0
;100015764466;PORTABLE 15 -NO 15 -TRANS;;;0
;100015764488;PORTABLE 16 -NO 16 -TRANS;;;0
;100015764489;PORTABLE 17 -NO 17 -TRANS;;;0
;100015764513;PORTABLE 18 -NO 18 -TRANS;;;0
;100015764514;PORTABLE 19 -NO 19 -TRANS;;;0
;100015764517;PORTABLE 20 -NO 20 -TRANS;;;0
;100015764534;PORTABLE 21 -NO 21 -TRANS;;;0
;100015764537;PORTABLE 22 -NO 22 -TRANS;;;0
;100015972946;RESERVE 15 -TRANS;;;0
;100015972949;RESERVE 15 -TRANS;;;0
;100015972952;RESERVE 15 -TRANS;;;0
;100016801951;HOMER CITY -SPARE -TRANS;;;0
;100016903622;DELHI -GRND-BK -TRANS -X;;;0
;100016904458;DELHI -GRND-BK -TRANS -Y;;;0
;100016904478;DELHI -GRND-BK -TRANS -Z;;;0
GLENWOOD;100017027993;GLENWOOD-#1BK-TRANS;34.5;4.8;1070
GLENWOOD;100017028002;GLENWOOD-#2BK-TRANS;34.5;4.8;4856
;100017442997;COLLIERS -GRNDBK                -TRANS;;;0
;100017697928;RESERVE 81-TRANS;;;0
SILVER CREEK;#N/D;SILVER CREEK -2BK -TRANS;7.2;4.8;3817
